name,smiles,homo,lumo,gap,mark
P3HT,CCCCCCC1=C(C)SC(C)=C1,-0.21609546,0.266353691,0.482449151,1
PffBT4T-2DT,CCCCCCCCCCC(CCCCCCCCCCCC)CC1=C(C)SC(C2=C(F)C(F)=C(C3=CC(CC(CCCCCCCCCCCC)CCCCCCCCCC)=C(C4=CC=C(C5=CC=C(C)S5)S4)S3)C6=NSN=C26)=C1,-0.170901324,0.113974795,0.284876118,1
PffBT4T-2OD,CCCCCCCCC(CCCCCCCCCC)CC1=C(C)SC(C2=C(F)C(F)=C(C3=CC(CC(CCCCCCCCCC)CCCCCCCC)=C(C4=CC=C(C5=CC=C(C)S5)S4)S3)C6=NSN=C26)=C1,-0.175169566,0.115528694,0.29069826,1
FTAZ,FC1=C(C2=CC=C(C(S3)=CC4=C3C(CCC(CCCCCC)CCCC)=C(C=C(C)S5)C5=C4CCC(CCCC)CCCCCC)S2)C6=NN(CC(CCCCCC)CCCC)N=C6C(C7=CC=C(C)S7)=C1F,-0.157369934,0.142240668,0.299610602,1
PTB7,CC1=CC2=C(OCC(CC)CCCC)C3=C(C=C(C4=C5C(C(F)=C(C(OCC(CCCC)CC)=O)S5)=C(C)S4)S3)C(OCC(CCCC)CC)=C2S1,-0.151875085,0.162444751,0.314319836,1
PTB7-Th,CC1=CC2=C(C3=CC=C(CC(CC)CCCC)S3)C4=C(C=C(C5=C6C(C(F)=C(C(OCC(CCCC)CC)=O)S6)=C(C)S5)S4)C(C7=CC=C(CC(CCCC)CC)S7)=C2S1,-0.153045924,0.157936417,0.310982341,1
J71,CC1=CC2=C(C3=CC=C([Si](CCC)(CCC)CCC)S3)C4=C(C=C(C(S5)=CC=C5C6=C(F)C(F)=C(C7=NN(CC(CCCCCC)CCCCCCCC)N=C76)C8=CC=C(C)S8)S4)C(C9=CC=C([Si](CCC)(CCC)CCC)S9)=C2S1,-0.154267171,0.142126281,0.296393452,1
J51,CC1=CC2=C(C3=CC=C(CC(CCCCCCCC)CCCCCC)S3)C4=C(C=C(C(S5)=CC=C5C6=C(F)C(F)=C(C7=NN(CCCCCCCC)N=C76)C8=CC=C(C)S8)S4)C(C9=CC=C(CC(CCCCCCCC)CCCCCC)S9)=C2S1,-0.152403537,0.143807374,0.29621091,1
J52,CC1=CC2=C(C3=CC=C(CC(CC)CCCC)S3)C4=C(C=C(C(S5)=CC=C5C6=C(F)C(F)=C(C7=NN(CC(CCCCCCCC)CCCCCC)N=C76)C8=CC=C(C)S8)S4)C(C9=CC=C(CC(CC)CCCC)S9)=C2S1,-0.153566047,0.142003845,0.295569893,1
J60,CC1=CC2=C(C3=CC=C(SCC(CCCC)CC)S3)C4=C(C=C(C(S5)=CC=C5C6=C(F)C(F)=C(C7=NN(CC(CCCCCCCC)CCCCCC)N=C76)C8=CC=C(C)S8)S4)C(C9=CC=C(SCC(CC)CCCC)S9)=C2S1,-0.156719167,0.139702915,0.296422082,1
J61,CC1=CC2=C(C3=CC=C(SCCCCCCCCCCCC)S3)C4=C(C=C(C(S5)=CC=C5C6=C(F)C(F)=C(C7=NN(CC(CCCCCCCC)CCCCCC)N=C76)C8=CC=C(C)S8)S4)C(C9=CC=C(SCCCCCCCCCCCC)S9)=C2S1,-0.157145574,0.138629213,0.295774786,1
PBDB-T,O=C1C2=C(SC(C)=C2C(C3=C(SC(CC(CCCC)CC)=C31)CC(CCCC)CC)=O)C4=CC=C(S4)C5=CC6=C(S5)C(C7=CC=C(S7)CC(CCCC)CC)=C8C=C(SC8=C6C9=CC=C(S9)CC(CCCC)CC)C,-0.156458844,0.159194571,0.315653415,1
PBDB-T-SF,O=C1C2=C(C3=CC=C(C4=CC5=C(C(C6=CC(F)=C(SCC(CCCC)CC)S6)=C7C=C(C)SC7=C5C8=CC(F)=C(SC(CC)CCCC)S8)S4)S3)SC(C)=C2C(C9=C(CC(CC)CCCC)SC(CC(CC)CCCC)=C91)=O,-0.166229313,0.153305473,0.319534786,1
PDBT-T1,O=C1C2=C(C3=CC=C(C4=CC5=C(C(C6=CC=C(CC(CCCC)CC)S6)=C7C=C(C)SC7=C5C8=CC=C(CC(CCCC)CC)S8)S4)S3)SC(C)=C2C(C9=C(CCCCCCCC)SC(CCCCCCCC)=C91)=O,-0.159125891,0.164185691,0.323311582,1
PBDB-T-2Cl,O=C1C2=C(C3=CC=C(C4=CC5=C(C(C6=CC(Cl)=C(CC(CC)CCCC)S6)=C7C=C(C)SC7=C5C8=CC(Cl)=C(CC(CC)CCCC)S8)S4)S3)SC(C)=C2C(C9=C(CC(CC)CCCC)SC(CC(CC)CCCC)=C91)=O,-0.169999623,0.153447577,0.3234472,1
PBDB-T-2F,O=C1C2=C(C3=CC=C(C4=CC5=C(C(C6=CC(F)=C(CC(CC)CCCC)S6)=C7C=C(C)SC7=C5C8=CC(F)=C(CC(CC)CCCC)S8)S4)S3)SC(C)=C2C(C9=C(CC(CC)CCCC)SC(CC(CC)CCCC)=C91)=O,-0.161148999,0.155265334,0.316414333,1
P2F-EH,CCC(CC(C(F)=CC(C1=C2C=C(SC2=C(C3=C1SC(C4=CC=C(S4)C)=C3)C5=CC(F)=C(C(F)=C5)CC(CC)CCCC)C6=CC=C(S6)C7=C(C8=C(C9=NN(N=C79)CC(CC)CCCC)C)C(N(C8=O)CCCCCCCC)=O)=C%10)=C%10F)CCCC,-0.160927883,0.137595609,0.298523492,1
P2F-EHp,CCC(CC(C(F)=CC(C1=C2C=C(SC2=C(C3=C1SC(C4=CC=C(S4)C)=C3)C5=CC(F)=C(C(F)=C5)CC(CC)CCCC)C6=CC=C(S6)C7=C(C8=C(C9=NN(N=C79)CCC(CC)CCCC)C)C(N(C8=O)CCCCCCCC)=O)=C%10)=C%10F)CCCC,-0.160962137,0.137401257,0.298363393,1
P2F-EO,CCC(CC(C(F)=CC(C1=C2C=C(SC2=C(C3=C1SC(C4=CC=C(S4)C)=C3)C5=CC(F)=C(C(F)=C5)CC(CC)CCCC)C6=CC=C(S6)C7=C(C8=C(C9=NN(N=C79)CCCC(CC)CCCC)C)C(N(C8=O)CCCCCCCC)=O)=C%10)=C%10F)CCCC,-0.161401728,0.139762575,0.301164303,1
PPBDTBT,CC1=C(OCC(CCCCCCCCCCCC)CCCCCCCCCC)C(F)=C(C(S2)=CC=C2C(SC3=C4C5=CC=C(SCC(CC)CCCC)C=C5)=CC3=C(C6=CC=C(SCC(CC)CCCC)C=C6)C(S7)=C4C=C7C8=CC=C(C)S8)C9=NSN=C19,-0.156513773,0.120305407,0.276819179,1
PBDTTPD-HT,CC1=CC(CCCCCC)=C(C2=CC3=C(C(C4=CC=C(CC(CC)CCCC)S4)=C5C=C(C6=C(CCCCCC)C=C(C7=C(C(N(CCCCCCCC)C8=O)=O)C8=C(C)S7)S6)SC5=C3C9=CC=C(CC(CC)CCCC)S9)S2)S1,-0.15259156,0.148108933,0.300700493,1
PTZ1,CC1=CC(CC(CCCCCC)CC)=C(C2=CC3=C(C(C4=CC=C(CC(CCCCCCCC)CCCC)S4)=C5C=C(C6=C(CC(CCCCCC)CC)C=C(C7=NC(SC(C)=N8)=C8S7)S6)SC5=C3C9=CC=C(CC(CCCCCCCC)CCCC)S9)S2)S1,-0.158643811,0.151306459,0.30995027,1
PBDT-TDZ,CC1=CC(CCCCCCCC)=C(C2=CC3=C(C(C4=CC=C(CC(CCCCCC)CCCC)S4)=C5C=C(C6=C(CCCCCCCC)C=C(C7=NN=C(C)S7)S6)SC5=C3C8=CC=C(CC(CCCCCC)CCCC)S8)S2)S1,-0.158711694,0.150544338,0.309256031,1
PBDTS-TDZ,CC1=CC(CCCCCCCC)=C(C2=CC3=C(C(C4=CC=C(CC(CCCCCC)CCCC)S4)=C5C=C(C6=C(CCCCCCCC)C=C(C7=NN=C(C)S7)S6)SC5=C3C8=CC=C(CC(CCCCCC)CCCC)S8)S2)S1,-0.158711694,0.150544338,0.309256031,1
PBDB-ST,O=C1C2=C(SC(C)=C2C(C3=C(SC(CC(CCCC)CC)=C31)CC(CCCC)CC)=O)C4=CC=C(S4)C5=CC6=C(S5)C(C7=CC=C(S7)SCC(CC)CCCC)=C8C=C(SC8=C6C9=CC=C(S9)SC(CCCC)CC)C,-0.160331163,0.15686464,0.317195803,1
HFQx-T,CC1=CC=C(S1)C2=CC3=C(S2)C(C4=CC=C(S4)CC(CCCC)CC)=C5C=C(SC5=C3C6=CC=C(S6)CC(CCCC)CC)C7=CC=C(C8=C9C(N=C(C%10=CC(F)=C(OCC(CCCC)CC)C(F)=C%10)C(C%11=CC(F)=C(OCC(CCCC)CC)C(F)=C%11)=N9)=C(C)C(F)=C8F)S7,-0.152357265,0.135377275,0.28773454,1
PffT2-FTAZ-2DT,FC1=C(C2=NN(N=C2C(C3=CC(CC(CCCCCCCCCCCC)CCCCCCCCCC)=C(S3)C4=CC=C(C)S4)=C1F)CCC)C5=CC(CC(CCCCCCCCCCCC)CCCCCCCCCC)=C(S5)C6=CC=C(C)S6,-0.163376292,0.145644165,0.309020457,1
PBDTTT-E-T,CC1=CC2=C(S1)C(C3=CC=C(S3)CC(CCCCCC)CC)=C4C=C(C5=C(C=C(C(OCC(CCCC)CC)=O)S6)C6=C(C)S5)SC4=C2C7=CC=C(S7)CC(CCCCCC)CC,-0.150728678,0.14633297,0.297061647,1
PTPDBDT,CC1=CC2=C(S1)C(C3=CC=C(S3)CC(CCCC)CC)=C4C=C(C5=C(C(N(CCCCCCCC)C6=O)=O)C6=C(C)S5)SC4=C2C7=CC=C(S7)CC(CCCC)CC,-0.161261941,0.152156058,0.313418,1
PDCBT,CC1=C(C(OC(CCCCCC)CCCC)=O)C=C(C2=CC(C(OCC(CCCCCC)CCCC)=O)=C(C3=CC=C(C4=CC=C(C)S4)S3)S2)S1,-0.170481577,0.163567319,0.334048896,1
PTFBDT-BZS,CCC(CC(C(F)=CC(C1=C2C=C(SC2=C(C3=C1SC(C4=CC=C(S4)C)=C3)C5=CC(F)=C(C(F)=C5)CC(CC)CCCC)C6=CC=C(S6)C7=C(OCCCCCCCCCCCC)C(OCCCCCCCCCCCC)=C(C8=NSN=C78)C)=C9)=C9F)CCCC,-0.161257624,0.130011605,0.29126923,1
P1,CC(C1=NSN=C21)=CC=C2C(S3)=CC=C3C4=CC5=C(OCCCCCCCCCCCC)C(SC(C6=CC=C(S6)C)=C7)=C7C(OCCCCCCCCCCCC)=C5S4,-0.151576185,0.126289388,0.277865574,1
PSEHTT,CC1=NC(S2)=C(S1)N=C2C(S3)=C(CC(CCCCCC)CC)C=C3C4=CC([Si](CC(CCCCCC)CC)(CC(CCCCCC)CC)C5=C6SC(C7=CC(CC(CCCCCC)CC)=C(C)S7)=C5)=C6S4,-0.14951243,0.161704057,0.311216487,1
PBT1-EH,O=C1C2=C(SC(C3=CC=C(C)S3)=C2C(C4=C(SC(CC(CCCCCC)CCCC)=C41)CC(CCCCCC)CCCC)=O)C5=CC=C(S5)C6=CC7=C(S6)C(C8=CC=C(S8)SCC(CC)CCCC)=C9C=C(SC9=C7C%10=CC=C(S%10)SC(CCCC)CC)C,-0.158672643,0.15282105,0.311493693,1
PffBt4T-2OD,CCCCCCCCC(CCCCCCCCCC)CC1=C(C)SC(C2=C(F)C(F)=C(C3=CC(CC(CCCCCCCCCC)CCCCCCCC)=C(C4=CC=C(C5=CC=C(C)S5)S4)S3)C6=NSN=C26)=C1,-0.175169566,0.115528694,0.29069826,1
PBCBT,CC1=C(C(OC(CCCCCC)CCCC)=O)C=C(C2=CC(C(OCC(CCCCCC)CCCC)=O)=C(C3=CC=C(C4=CC=C(C)S4)S3)S2)S1,-0.170481577,0.163567319,0.334048896,1
PBDB-T1,O=C1C2=C(SC(C)=C2C(C3=C(SC(CCCCCCCC)=C31)CCCCCCCC)=O)C4=CC=C(S4)C5=CC6=C(S5)C(C7=CC=C(S7)CC(CC)CCCC)=C8C=C(SC8=C6C9=CC=C(S9)CC(CC)CCCC)C%10=CC=C(C)S%10,-0.15433572,0.151833338,0.306169058,1
PBDTTT-C-T,CC1=CC2=C(S1)C(C3=CC=C(S3)CC(CCCCCC)CC)=C4C=C(C5=C(C=C(C(C(CCCC)CC)=O)S6)C6=C(C)S5)SC4=C2C7=CC=C(S7)CC(CCCCCC)CC,-0.151344623,0.15202183,0.303366453,1
PBDB-TF,O=C1C2=C(C3=CC=C(C4=CC5=C(C(C6=CC(F)=C(CC(CC)CCCC)S6)=C7C=C(C)SC7=C5C8=CC(F)=C(CC(CC)CCCC)S8)S4)S3)SC(C)=C2C(C9=C(CC(CC)CCCC)SC(CC(CC)CCCC)=C91)=O,-0.161148999,0.155265334,0.316414333,1
PM6,O=C1C2=C(C3=CC=C(C4=CC5=C(C(C6=CC(F)=C(CC(CC)CCCC)S6)=C7C=C(C)SC7=C5C8=CC(F)=C(CC(CC)CCCC)S8)S4)S3)SC(C)=C2C(C9=C(CC(CC)CCCC)SC(CC(CC)CCCC)=C91)=O,-0.161148999,0.155265334,0.316414333,1
J52-2F,CC1=CC2=C(C3=C(C(C4=CC(F)=C(S4)CC(CCCC)CC)=C2S1)C=C(S3)C5=CC=C(C6=C(C(F)=C(C7=CC=C(S7)C)C8=NN(N=C86)CC(CCCCCC)CCCCCCCC)F)S5)C9=CC(F)=C(S9)CC(CCCC)CC,-0.158872866,0.140185087,0.299057952,1
PTZ-DO,CC1=CC2=C(C3=C(C(C4=CC(CCCCCCCC)=C(CCCCCCCC)S4)=C2S1)C=C(S3)C5=CC(CCCCCC)=C(C6=NC(SC(C7=C(CCCCCC)C=C(C)S7)=N8)=C8S6)S5)C9=CC(CCCCCCCC)=C(CCCCCCCC)S9,-0.1566765,0.149466519,0.306143019,1
PBTff4T-2OD,CCCCCCCCC(CC1=C(SC(C2=CC=C(C3=NSN=C23)C4=CC(CC(CCCCCCCC)CCCCCCCCCC)=C(S4)C5=CC(F)=C(S5)C6=C(F)C=C(S6)C)=C1)C)CCCCCCCCCC,-0.163331223,0.120205634,0.283536857,1
PM7,O=C1C2=C(SC(C)=C2C(C3=C(SC(CC(CCCC)CC)=C31)CC(CCCC)CC)=O)C4=CC=C(S4)C5=CC6=C(S5)C(C7=CC(Cl)=C(S7)CC(CCCC)CC)=C8C=C(SC8=C6C9=CC(Cl)=C(S9)CC(CCCC)CC)C,-0.167654973,0.145842437,0.31349741,1
SM1,CCC(CCCC)CN1C2=CC=C(C3=CC=C(C4=CC(CCCCCCCC)=C(/C=C(SC(N5CC)=S)/C5=O)S4)C6=NSN=C36)C=C2SC7=C1C=CC(C8=CC=C(C9=CC(CCCCCCCC)=C(/C=C(SC(N%10CC)=S)/C%10=O)S9)C%11=NSN=C8%11)=C7,-0.175455971,0.121675067,0.297131038,1
Y6,CCC(CCCC)CN1C2=C(SC3=C2SC(/C=C(C(C4=C5C=C(F)C(F)=C4)=O)/C5=C(C#N)\C#N)=C3CCCCCCCCCCC)C6=C1C(N(CC(CCCC)CC)C7=C8SC9=C7SC(/C=C(C(C%10=C%11C=C(F)C(F)=C%10)=O)/C%11=C(C#N)\C#N)=C9CCCCCCCCCCC)=C8C%12=NSN=C6%12,-0.15419352,0.110207475,0.264400995,0
A1,CCCCCCC1=CC=C(C(C2=CC=C(C=C2)CCCCCC)(C3=C4C=C(C5=C3)C(C6=CC=C(C=C6)CCCCCC)(C7C5SC(C8=C9C(SC(C(OCC)=O)=C9)=C(C%10=NSN=C%108)/C=C(C%11=O)\SC(N%11CCCCCCCC)=S)=C7)C%12=CC=C(C=C%12)CCCCCC)C%13C4SC(C%14=C%15C(SC(C(OCC)=O)=C%15)=C(C%16=NSN=C%16%14)/C=C(C%17=O)\SC(N%17CCCCCCCC)=S)=C%13)C=C1,-0.184718366,0.100503891,0.285222257,0
A2,CCCCCCC1=CC=C(C(C2=CC=C(C=C2)CCCCCC)(C3=C4C=C(C5=C3)C(C6=CC=C(C=C6)CCCCCC)(C7C5SC(C8=C9C(SC(C(OCC)=O)=C9)=C(C%10=NSN=C%108)/C=C(C%11=O)\S/C(N%11CCCCCCCC)=C(C#N)\C#N)=C7)C%12=CC=C(C=C%12)CCCCCC)C%13C4SC(C%14=C%15C(SC(C(OCC)=O)=C%15)=C(C%16=NSN=C%16%14)/C=C(C%17=O)\S/C(N%17CCCCCCCC)=C(C#N)\C#N)=C%13)C=C1,-0.192464914,0.090674616,0.28313953,0
DPP1,CCCCCCCCC1(CCCCCCCC)C2=C(C=CC(C3=CC=C(C(N(CC(CCCC)CC)C4=O)=C5C4=C(C6=CC=CS6)N(CC(CCCC)CC)C5=O)S3)=C2)C7=CC=C(C8=CC=C(S8)C(N9CC(CCCC)CC)=C%10C(N(CC(CCCC)CC)C(C%11=CC=CS%11)=C%10C9=O)=O)C=C71,-0.167906053,0.14262925,0.310535304,0
FRdCN2,O=C1/C(S/C(N1CCCCCC)=C(C#N)\C#N)=C/C2=CC=C(C3=CC=C(C4=CC=C(C(C=CC(C5=CC=C(C6=CC=C(/C=C(S/C(N7CCCCCC)=C(C#N)/C#N)/C7=O)O6)C8=NSN=C58)=C9)=C9C%10(CC(CCCC)CC)CC(CCCC)CC)C%10=C4)C%11=NSN=C3%11)O2,-0.185020291,0.110166657,0.295186948,0
IM-IDT3,CCCCCCC1=CC=C(C=C1)C(C2=C3C=C(C(C4C5SC(C6=CC(C7S6)C(C8=CC=C(CCCCCC)C=C8)(C9=C7C=C(C(C%10C%11SC(/C=C(C(C%12=C%13C=CC=C%12)=O)\C%13=C(C#N)/C#N)=C%10)(C%14=CC=C(CCCCCC)C=C%14)C%15=CC=C(CCCCCC)C=C%15)C%11=C9)C(C=C%16)=CC=C%16CCCCCC)=C4)(C%17=CC=C(CCCCCC)C=C%17)C%18=CC=C(CCCCCC)C=C%18)C5=C2)(C%19C3SC(C%20=CC(C%21S%20)C(C%22=CC=C(CCCCCC)C=C%22)(C%23=CC=C(CCCCCC)C=C%23)C(C%21=C%24)=CC%25=C%24C(C%26=CC=C(CCCCCC)C=C%26)(C%27C%25SC(/C=C(C(C%28=C%29C=CC=C%28)=O)\C%29=C(C#N)/C#N)=C%27)C(C=C%30)=CC=C%30CCCCCC)=C%19)C%31=CC=C(CCCCCC)C=C%31,-0.207327538,0.124259244,0.331586782,0
IM-BDTIDT2,CCCCCCC1=CC=C(C=C1)C(C2=C3C=C(C(C4C5SC(/C=C(C(C6=C7C=CC=C6)=O)\C7=C(C#N)/C#N)=C4)(C8=CC=C(CCCCCC)C=C8)C9=CC=C(CCCCCC)C=C9)C5=C2)(C%10C3SC(C%11=CC%12=C(C%13=CC=C(CC(CCCC)CC)S%13)C%14=C(C=C(C%15=CC(C%16S%15)C(C%17=CC=C(CCCCCC)C=C%17)(C%18=CC=C(CCCCCC)C=C%18)C(C%16=C%19)=CC%20=C%19C(C%21=CC=C(CCCCCC)C=C%21)(C%22C%20SC(/C=C(C(C%23=C%24C=CC=C%23)=O)\C%24=C(C#N)/C#N)=C%22)C(C=C%25)=CC=C%25CCCCCC)S%14)C(C%26=CC=C(CC(CCCC)CC)S%26)=C%12S%11)=C%10)C%27=CC=C(CCCCCC)C=C%27,-0.154697387,0.12414708,0.278844467,0
ITIC-Th,O=C1C2=C(C(/C1=C/C3=CC4=C(C(C(C5=C6C=C(C7=C5)C(C8=CC=C(S8)CCCCCC)(C9=CC=C(S9)CCCCCC)C%10C7SC%11=C%10SC(/C=C(/C%12=C(C#N)\C#N)C(C%13=C%12C=CC=C%13)=O)=C%11)(C%14=CC=C(S%14)CCCCCC)C%15=CC=C(S%15)CCCCCC)C6S4)S3)=C(C#N)/C#N)C=CC=C2,-0.208613187,0.11836194,0.326975127,0
ITIC-Th1,O=C1C(C=CC(F)=C2)=C2/C(C1=CC(S3)=CC4=C3C(C5S4)C(C6=CC=C(CCCCCC)S6)(C7=C5C=C(C(C8C9SC%10=C8SC(C=C(C(C%11=C/%12C=C(F)C=C%11)=O)C%12=C(C#N)/C#N)=C%10)(C%13=CC=C(CCCCCC)S%13)C%14=CC=C(CCCCCC)S%14)C9=C7)C%15=CC=C(CCCCCC)S%15)=C(C#N)/C#N,-0.209498031,0.112589967,0.322087998,0
ITIC-Th2,O=C1C(C=C(F)C(F)=C2)=C2/C(C1=CC(S3)=CC4=C3C(C5S4)C(C6=CC=C(CCCCCC)S6)(C7=C5C=C(C(C8C9SC%10=C8SC(C=C(C(C%11=C/%12C=C(F)C(F)=C%11)=O)C%12=C(C#N)/C#N)=C%10)(C%13=CC=C(CCCCCC)S%13)C%14=CC=C(CCCCCC)S%14)C9=C7)C%15=CC=C(CCCCCC)S%15)=C(C#N)/C#N,-0.210113416,0.108515966,0.318629382,0
ITIC-Th3,O=C1C(C=CC(OC)=C2)=C2/C(C1=CC(S3)=CC4=C3C(C5S4)C(C6=CC=C(CCCCCC)S6)(C7=C5C=C(C(C8C9SC%10=C8SC(C=C(C(C%11=C/%12C=C(OC)C=C%11)=O)C%12=C(C#N)/C#N)=C%10)(C%13=CC=C(CCCCCC)S%13)C%14=CC=C(CCCCCC)S%14)C9=C7)C%15=CC=C(CCCCCC)S%15)=C(C#N)/C#N,-0.207779864,0.114902335,0.322682198,0
ITIC,CCCCCCC1=CC=C(C=C1)C(C2=C3C=C(C(C4C5SC6=C4SC(C=C(C(C7=C/8C=CC=C7)=O)C8=C(C#N)/C#N)=C6)(C9=CC=C(CCCCCC)C=C9)C%10=CC=C(CCCCCC)C=C%10)C5=C2)(C%11C3SC%12=C%11SC(C=C(C(C%13=C/%14C=CC=C%13)=O)C%14=C(C#N)/C#N)=C%12)C%15=CC=C(CCCCCC)C=C%15,-0.21015408,0.113305642,0.323459723,0
pO-ITIC,CCCCCCOC(C=C1)=CC=C1C(C2C3SC4=C2SC(C=C(C(C5=C/6C=CC=C5)=O)C6=C(C#N)/C#N)=C4)(C7=CC=C(OCCCCCC)C=C7)C(C3=C8)=CC9=C8C(C%10=CC=C(OCCCCCC)C=C%10)(C%11C9SC%12=C%11SC(C=C(C(C%13=C/%14C=CC=C%13)=O)C%14=C(C#N)/C#N)=C%12)C(C=C%15)=CC=C%15OCCCCCC,-0.207574187,0.118237158,0.325811345,0
mO-ITIC,CCCCCCOC1=CC(C(C2C3SC4=C2SC(C=C(C(C5=C/6C=CC=C5)=O)C6=C(C#N)/C#N)=C4)(C7=CC(OCCCCCC)=CC=C7)C(C3=C8)=CC9=C8C(C%10=CC=CC(OCCCCCC)=C%10)(C%11C9SC%12=C%11SC(C=C(C(C%13=C/%14C=CC=C%13)=O)C%14=C(C#N)/C#N)=C%12)C%15=CC(OCCCCCC)=CC=C%15)=CC=C1,-0.210864648,0.108717815,0.319582462,0
FBM,CCCCCCCCC1(CCCCCCCC)C2=C(C=CC(C3=CC=C(C=C(C#N)C#N)C4=NSN=C34)=C2)C5=CC=C(C6=CC=C(C=C(C#N)C#N)C7=NSN=C67)C=C51,-0.213458604,0.098378865,0.311837469,0
CBM,CCCCCCCCC(CCCCCCCC)N1C2=C(C=CC(C3=CC=C(C=C(C#N)C#N)C4=NSN=C34)=C2)C5=CC=C(C6=CC=C(C=C(C#N)C#N)C7=NSN=C67)C=C51,-0.206444545,0.100860159,0.307304704,0
CDTBM,CCCCCCCCC(C1=C2SC(C3=CC=C(C=C(C#N)C#N)C4=NSN=C34)=C1)(CCCCCCCC)C5=C2SC(C6=CC=C(C=C(C#N)C#N)C7=NSN=C67)=C5,-0.18010349,0.089033604,0.269137094,0
FpO-ITIC,CCCCCCOC1=CC=C(C(C(C=C2F)=CC=C2OCCCCCC)(C3=CC4=C(C(C5C4SC6=C5SC(/C=C(/C7=C(C#N)/C#N)C(C8=C7C=CC=C8)=O)=C6)(C9=CC(F)=C(OCCCCCC)C=C9)C%10=CC=C(C(F)=C%10)OCCCCCC)C=C3%11)C%12C%11SC%13=C%12SC(/C=C(/C%14=C(C#N)/C#N)C(C%15=C%14C=CC=C%15)=O)=C%13)C(F)=C1,-0.209268916,0.116950877,0.326219793,0
4TIC,CCCCCCC(C=C1)=CC=C1C2(C3=CC=C(CCCCCC)C=C3)C4=C(SC(/C=C(C(C5=C6C=CC=C5)=O)\C6=C(C#N)/C#N)=C4)C7=C2C(S8)=C(S7)C9=C8C%10=C(C9(C%11=CC=C(CCCCCC)C=C%11)C%12=CC=C(CCCCCC)C=C%12)C=C(C=C(C(C%13=C/%14C=CC=C%13)=O)C%14=C(C#N)/C#N)S%10,-0.159634213,0.114478178,0.274112391,0
6TIC,CCCCCCC(C=C1)=CC=C1C2(C3=CC=C(CCCCCC)C=C3)C4=C(SC5=C4SC(/C=C(C(C6=C7C=CC=C6)=O)\C7=C(C#N)/C#N)=C5)C8=C2C(S9)=C(S8)C%10=C9C%11=C(C%10(C%12=CC=C(CCCCCC)C=C%12)C%13=CC=C(CCCCCC)C=C%13)C%14=C(C=C(/C=C(C(C%15=C%16C=CC=C%15)=O)/C%16=C(C#N)\C#N)S%14)S%11,-0.141425285,0.11732008,0.258745365,0
BDCPDT-IC,CCCCCCC(C=C1)=CC=C1C(C2=CC=C(C=C2)CCCCCC)(C3=C4SC(C=C(C(C5=C/6C=CC=C5)=O)C6=C(C#N)/C#N)=C3)C7C4SC8=CC9=C(SC%10C9C(C%11=CC=C(C=C%11)CCCCCC)(C%12=C%10SC(C=C(/C(C%13=C%14C=CC=C%13)=C(C#N)/C#N)C%14=O)=C%12)C%15=CC=C(C=C%15)CCCCCC)C=C87,-0.203410931,0.119767036,0.323177967,0
ITCPTC,O=C1C2=CSC=C2C(/C1=C/C3=CC4=C(C(C(C5=C6C=C(C7=C5)C(C8=CC=C(CCCCCC)C=C8)(C9=CC=C(CCCCCC)C=C9)C%10C7SC%11=C%10SC(/C=C%12C(C%13=CSC=C%13C\%12=C(C#N)\C#N)=O)=C%11)(C%14=CC=C(CCCCCC)C=C%14)C%15=CC=C(CCCCCC)C=C%15)C6S4)S3)=C(C#N)/C#N,-0.207025758,0.120890362,0.32791612,0
BT-IC,CCCCCCC(C=C1)=CC=C1C(C2=CC=C(C=C2)CCCCCC)(C3=C4SC(C=C(C(C5=C/6C=CC=C5)=O)C6=C(C#N)/C#N)=C3)C7C4SC(C7=C8OC9=CC=C(C=C9)CC(CC)CCCCCC)=C(C%10=C8SC%11C%10C(C%12=CC=C(C=C%12)CCCCCC)(C%13=C%11SC(C=C(C(C%14=C/%15C=CC=C%14)=O)C%15=C(C#N)/C#N)=C%13)C%16=CC=C(C=C%16)CCCCCC)OC%17=CC=C(C=C%17)CC(CC)CCCCCC,-0.203322172,0.119139621,0.322461792,0
DC-IDT2T,CCCCCCC1=CC=C(C(C2=CC=C(C=C2)CCCCCC)(C3=C4C=C(C5=C3)C(C6=CC=C(C=C6)CCCCCC)(C7C5SC(C8=CC=C(/C=C(C(C9=C%10C=CC=C9)=O)/C%10=C(C#N)\C#N)S8)=C7)C%11=CC=C(C=C%11)CCCCCC)C%12C4SC(C%13=CC=C(C=C(C(C%14=C/%15C=CC=C%14)=O)C%15=C(C#N)/C#N)S%13)=C%12)C=C1,-0.199370981,0.12016224,0.319533222,0
DICTF,CCCCCCCCC1(C2=C(C3=CC=C(C4=CC=C(C=C(C(C5=C/6C=CC=C5)=O)C6=C(C#N)/C#N)S4)C=C31)C=CC(C7=CC=C(/C=C(C(C8=C9C=CC=C8)=O)\C9=C(C#N)/C#N)S7)=C2)CCCCCCCC,-0.19646623,0.113691185,0.310157415,0
ATT-1,CCCCCCC1=CC=C(C(C2=CC=C(C=C2)CCCCCC)(C3=C4C=C(C5=C3)C(C6=CC=C(C=C6)CCCCCC)(C7C5SC(C8=C9C(C=C(S9)C(OCCCCCCCC)=O)=C(/C=C(C%10=O)/S/C(N%10CC)=C(C#N)\C#N)S8)=C7)C%11=CC=C(C=C%11)CCCCCC)C%12C4SC(C%13=C%14SC(C(OCCCCCCCC)=O)=CC%14=C(/C=C(C%15=O)\S/C(N%15CC)=C(C#N)\C#N)S%13)=C%12)C=C1,-0.185492093,0.115867799,0.301359891,0
BAF-2HDT,CCCCCCCCCCC1(C2=C(C3=CC=C(C4=CC=C(/C=C5SC(SCCCCCC)=C(S/5)SCCCCCC)C6C4N=S=N6)C=C31)C=CC(C7=CC=C(/C=C8SC(SCCCCCC)=C(S/8)SCCCCCC)C9C7N=S=N9)=C2)CCCCCCCCCC,-0.192476375,0.18709046,0.379566835,0
IDIDT-C8,CCCCCCCCC1(C2=C(C3=C1C4=C(C5=C(C4(CCCCCCCC)CCCCCCCC)C=C(C6=CC=C(C=C(/C(C7=C8C=CC=C7)=C(C#N)/C#N)C8=O)S6)C=C5)S3)C=CC(C9=CC=C(C=C(C(C%10=C/%11C=CC=C%10)=O)C%11=C(C#N)/C#N)S9)=C2)CCCCCCCC,-0.174141005,0.116196524,0.290337529,0
BTA2,CCCCCCC1=CC=C(C(C2=CC=C(C=C2)CCCCCC)(C3=C4C=C(C5=C3)C(C6=CC=C(C=C6)CCCCCC)(C7C5SC(C8=CC=C(/C=C(C9=O)/SC(N9CC)=O)C%10=NN(N=C8%10)CCCCCCCC)=C7)C%11=CC=C(C=C%11)CCCCCC)C%12C4SC(C%13=CC=C(/C=C(C%14=O)/SC(N%14CC)=O)C%15=NN(CCCCCCCC)N=C%13%15)=C%12)C=C1,-0.192618684,0.154643866,0.34726255,0
DCI-2,CCCCCCCCC(N(C1=C2SC(C3=C(C=C(C4=C(C=C(/C=C(C(C5=C6C=CC=C5)=O)/C6=C(C#N)/C#N)S4)CCCCCC)S3)CCCCCC)=C1)C7=C2SC(C8=C(C=C(C9=C(C=C(/C=C(C(C%10=C%11C=CC=C%10)=O)/C%11=C(C#N)\C#N)S9)CCCCCC)S8)CCCCCC)=C7)CCCCCCCC,-0.153620338,0.116452542,0.27007288,0
Cz-IN,CCCCCCCCC(N1C2=C(C3=CC=C(C4=CC=C(C=C(C(C5=C6C=CC=C5)=O)C6=O)S4)C=C31)C=CC(C7=CC=C(C=C(C(C8=C9C=CC=C8)=O)C9=O)S7)=C2)CCCCCCCC,-0.18089817,0.146091475,0.326989646,0
Cz-ECA,CCCCCCCCC(N1C2=C(C3=CC=C(C4=CC=C(/C=C(C(OC)=O)\C#N)S4)C=C31)C=CC(C5=CC=C(/C=C(C#N)/C(OC)=O)S5)=C2)CCCCCCCC,-0.191732855,0.131176555,0.32290941,0
DTCC-IC,CCCCCCCCN1C2=C(C3=CC4=C(C=C31)C5=C(C4(C6=CC=C(OCCCCCCCC)C=C6)C7=CC=CC(OCCCCCCCC)=C7)C=C(C=C(C(C8=C/9C=CC=C8)=O)C9=C(C#N)/C#N)S5)C=C(C%10=C2)C(C%11=CC=C(OCCCCCCCC)C=C%11)(C%12=C%10SC(/C=C(C(C%13=C%14C=CC=C%13)=O)\C%14=C(C#N)/C#N)=C%12)C%15=CC=C(OCCCCCCCC)C=C%15,-0.179039613,0.116881444,0.295921057,0
DTNIC6,CCCCCCC1(C2=C(C3=C4C(C5=C(C=C4)C(CCCCCC)(CCCCCC)C6=C5SC(/C=C(C(C7=C8C=CC=C7)=O)\C8=C(C#N)/C#N)=C6)=CC=C31)SC(C=C(C(C9=C/%10C=CC=C9)=O)C%10=C(C#N)/C#N)=C2)CCCCCC,-0.175206138,0.115537765,0.290743903,0
DTNIC8,O=C1C2=C(C(/C1=C\C3=CC4=C(S3)C(C5=CC=C(C(CC(CCCCCC)CC)(C6=C7SC(C=C(C(C8=C/9C=CC=C8)=O)C9=C(C#N)/C#N)=C6)CC(CC)CCCCCC)C7=C5C=C%10)=C%10C4(CC(CCCCCC)CC)CC(CCCCCC)CC)=C(C#N)/C#N)C=CC=C2,-0.177524372,0.112008042,0.289532415,0
Cz-RH,CCCCCCCCC(N1C2=C(C3=CC=C(C4=CC=C(/C=C(C5=O)\SC(N5CC)=S)S4)C=C31)C=CC(C6=CC=C(/C=C(C7=O)\SC(N7CC)=S)S6)=C2)CCCCCCCC,-0.179502988,0.146684528,0.326187516,0
Flu-IN,CCCCCCCCC1(C2=C(C3=CC=C(C4=CC=C(/C=C5C(C6=C(C\5=O)C=CC=C6)=O)S4)C=C31)C=CC(C7=CC=C(/C=C8C(C9=C(C\8=O)C=CC=C9)=O)S7)=C2)CCCCCCCC,-0.185834316,0.143491826,0.329326141,0
Flu-ECA,CCCCCCCCC1(C2=C(C3=CC=C(C4=CC=C(/C=C(C#N)\C(OC)=O)S4)C=C31)C=CC(C5=CC=C(/C=C(C#N)\C(OC)=O)S5)=C2)CCCCCCCC,-0.201539301,0.134391608,0.335930909,0
Flu-RH,CCN1C(S/C(C1=O)=C\C2=CC=C(C3=CC(C4(CCCCCCCC)CCCCCCCC)=C(C5=CC=C(C6=CC=C(/C=C(C7=O)\SC(N7CC)=S)S6)C=C54)C=C3)S2)=S,-0.184037471,0.14520073,0.3292382,0
DTPC-IC,CCCCCCC(CN1C2=CC3=C4C5=C2C6=C7C8=C(C(C9=CC=C(C=C9)CCCCCC)(C%10C(SC(/C=C(C(C%11=C%12C=CC=C%11)=O)\C%12=C(C#N)/C#N)=C%10)=C8C=C61)C%13=CC=C(C=C%13)CCCCCC)C=CC7=C5CC=C4C(C%14=CC=C(C=C%14)CCCCCC)(C%15=C3SC(C=C(C(C%16=C/%17C=CC=C%16)=O)C%17=C(C#N)/C#N)=C%15)C%18=CC=C(C=C%18)CCCCCC)CCCCCCCC,-0.110433955,0.108670008,0.219103963,0
ITTIC,CCCCCCC(C=C1)=CC=C1C(C2=CC=C(C=C2)CCCCCC)(C3C4SC5=C3SC(C6=CC=C(/C=C7C(C8=C(C\7=C(C#N)/C#N)C=CC=C8)=O)S6)=C5)C(C4=C9)=CC%10=C9C(C%11=CC=C(C=C%11)CCCCCC)(C%12=CC=C(C=C%12)CCCCCC)C(C%10S%13)C(S%14)=C%13C=C%14C%15=CC=C(/C=C(C(C%16=C%17C=CC=C%16)=O)/C%17=C(C#N)/C#N)S%15,-0.193325928,0.115111584,0.308437511,0
FTB,CCCCCCCCC1(C2=C(C3=CC=C(C4=CC=C(/C=C(C5=O)/C(N(C(N5C)=O)C)=O)S4)C=C31)C=CC(C6=CC=C(/C=C(C7=O)/C(N(C(N7C)=O)C)=O)S6)=C2)CCCCCCCC,-0.191554249,0.141405932,0.332960181,0
FDICTF,CCCCCCCCC1(C2=C(C3=CC4=C(C=C31)C5=C(C4(CCCCCCCC)CCCCCCCC)C=C(C=C(C(C6=C/7C=CC=C6)=O)C7=C(C#N)/C#N)S5)C=C(C8=C2)C(CCCCCCCC)(C9=C8SC(C=C(C(C%10=C/%11C=CC=C%10)=O)C%11=C(C#N)/C#N)=C9)CCCCCCCC)CCCCCCCC,-0.18080508,0.115746829,0.29655191,0
D5T6F-M,FC1=C(C2=C(C(F)=C(C3=C(C(F)=C(/C=C(C#N)/C#N)S3)CCCCCC)S2)CCCCCC)SC(C4=C(C(F)=C(C5=C(C(F)=C(/C=C(C#N)\C#N)S5)CCCCCC)S4)CCCCCC)=C1F,-0.199479087,0.121402094,0.32088118,0
D7T8F-M,FC1=C(C2=C(C(F)=C(C3=C(C(F)=C(C4=C(C(F)=C(/C=C(C#N)/C#N)S4)CCCCCC)S3)CCCCCC)S2)CCCCCC)SC(C5=C(C(F)=C(C6=C(C(F)=C(C7=C(C(F)=C(/C=C(C#N)/C#N)S7)CCCCCC)S6)CCCCCC)S5)CCCCCC)=C1F,-0.198193888,0.128560461,0.326754349,0
F-H,CCCCCCCCC1(C2=C(C3=CC4=C(C=C31)C5=C(C4(CCCCCCCC)CCCCCCCC)C=C(C=C(C(C6=C/7C=CC=C6)=O)C7=C(C#N)/C#N)S5)C=C(C8=C2)C(CCCCCCCC)(C9=C8SC(C=C(C(C%10=C/%11C=CC=C%10)=O)C%11=C(C#N)/C#N)=C9)CCCCCCCC)CCCCCCCC,-0.18080508,0.115746829,0.29655191,0
IDTT(TCV)2,CCCCCCC1=CC=C(C(C2=CC=C(C=C2)CCCCCC)(C3=C4C=C(C5=C3)C(C6=CC=C(C=C6)CCCCCC)(C7C5SC(C8=CC=C(/C(C#N)=C(C#N)\C#N)S8)=C7)C9=CC=C(C=C9)CCCCCC)C%10C4SC(C%11=CC=C(/C(C#N)=C(C#N)\C#N)S%11)=C%10)C=C1,-0.225896172,0.100795987,0.326692159,0
IDTCR,CCCCCCC1=CC=C(C(C2=CC=C(C=C2)CCCCCC)(C3=C4C=C(C5=C3)C(C6=CC=C(C=C6)CCCCCC)(C7C5SC(C8=CC=C(/C=C(C9=O)\S/C(N9CC)=C(C#N)\C#N)S8)=C7)C%10=CC=C(C=C%10)CCCCCC)C%11C4SC(C%12=CC=C(/C=C(C%13=O)/S/C(N%13CC)=C(C#N)\C#N)S%12)=C%11)C=C1,-0.209382954,0.126464883,0.335847837,0
DTBT(TDPP)2,CC1=CC=C(C(N(CC(CCCC)CC)C2=O)=C3C2=C(C4=CC=CS4)N(CC(CCCC)CC)C3=O)S1,-0.179847531,0.159418724,0.339266255,0
DTfBT(TDPP)2,CCCCC(CC)CN(C1=O)C(C2=CC=C(C3=CC=C(C4=CC=C(C5=C(F)C(F)=C(C6=CC=C(C7=CC=C(C8=CC=C(S8)C(N(C9=O)CC(CC)CCCC)=C%10C9=C(N(C%10=O)CC(CC)CCCC)C%11=CC=CS%11)S7)S6)C%12=NSN=C5%12)S4)S3)S2)=C%13C1=C(N(C%13=O)CC(CC)CCCC)C%14=CC=CS%14,-0.164892705,0.109888254,0.274780959,0
ITIC,O=C1C(C=CC=C2)=C2C(/C1=C/C3=CC4=C(C(C(C5=C6C=C(C7=C5)C(C8=CC=C(CCCCCC)C=C8)(C9=CC=C(CCCCCC)C=C9)C%10C7SC%11=C%10SC(/C=C%12C(C(C=CC=C%13)=C%13C\%12=C(C#N)\C#N)=O)=C%11)(C%14=CC=C(CCCCCC)C=C%14)C%15=CC=C(CCCCCC)C=C%15)C6S4)S3)=C(C#N)/C#N,-0.207259884,0.11464951,0.321909394,0
IC-1IDT-IC,CCCCCCC1=CC=C(C(C2=CC=C(C=C2)CCCCCC)(C3=C4C=C(C5=C3)C(C6=CC=C(C=C6)CCCCCC)(C7C5SC(/C=C(C(C8=C9C=CC=C8)=O)\C9=C(C#N)/C#N)=C7)C%10=CC=C(C=C%10)CCCCCC)C%11C4SC(/C=C(C(C%12=C%13C=CC=C%12)=O)/C%13=C(C#N)\C#N)=C%11)C=C1,-0.230216744,0.120656901,0.350873646,0
IC-2IDT-IC,CCCCCCC1=CC=C(C(C2=CC=C(C=C2)CCCCCC)(C3=C4C=C(C5=C3)C(C6=CC=C(C=C6)CCCCCC)(C7C5SC(/C=C(C(C8=C9C=CC=C8)=O)\C9=C(C#N)/C#N)=C7)C%10=CC=C(C=C%10)CCCCCC)C%11C4SC(C%12=CC(C%13S%12)C(C%14=CC=C(C=C%14)CCCCCC)(C%15=CC=C(C=C%15)CCCCCC)C(C%13=C%16)=CC%17=C%16C(C%18C%17SC(/C=C(C(C%19=C%20C=CC=C%19)=O)/C%20=C(C#N)\C#N)=C%18)(C%21=CC=C(C=C%21)CCCCCC)C%22=CC=C(C=C%22)CCCCCC)=C%11)C=C1,-0.215917728,0.12325871,0.339176438,0
IDIC,O=C1C2=C(C(/C1=C/C3=CC(C4S3)C(CCCCCC)(C5=C4C=C(C6=C5)C(CCCCCC)(C7C6SC(/C=C(C(C8=C9C=CC=C8)=O)/C9=C(C#N)\C#N)=C7)CCCCCC)CCCCCC)=C(C#N)/C#N)C=CC=C2,-0.223725944,0.123126887,0.346852831,0
CDTDI,CCC(CC(CC(CC)CCCC)(C1=C2SC(C3=CC=C(/C=C(C(C4=C5C=CC=C4)=O)/C5=C(C#N)\C#N)S3)=C1)C6=C2SC(C7=CC=C(/C=C(C(C8=C9C=CC=C8)=O)/C9=C(C#N)\C#N)S7)=C6)CCCC,-0.165863589,0.111861214,0.277724803,0
N7,CCCCCCCCC(N1C2=C(C3=CC=C(C(S4)=CC=C4C(N(C5=O)CC(CC)CCCC)=C6C5=C(N(C6=O)CC(CC)CCCC)C7=CC=CS7)C=C31)C=CC(C(S8)=CC=C8C(N(C9=O)CC(CC)CCCC)=C%10C9=C(N(C%10=O)CC(CC)CCCC)C%11=CC=CS%11)=C2)CCCCCCCC,-0.166611103,0.146867744,0.313478847,0
TT-BBAR,CCCCN(C(N1CCCC)=O)C(C(C1=O)=CC2=CC=C(C3=CC=C(C=C(C4=O)C(N(C(N4CCCC)=O)CCCC)=O)S3)S2)=O,-0.201850922,0.131333548,0.33318447,0
IDT-BC6,CCCCCCC1=CC=C(C=C1)C(C2=C3C=C(C(C4C5SC(C6=C(C=C(/C=C(\C7=C(C#N)/C#N)C(C8=C7C=CC=C8)=O)C(CCCCCCCC)=C6)CCCCCCCC)=C4)(C9=CC=C(CCCCCC)C=C9)C%10=CC=C(CCCCCC)C=C%10)C5=C2)(C%11C3SC(C%12=C(C=C(/C=C(\C%13=C(C#N)/C#N)C(C%14=C%13C=CC=C%14)=O)C(CCCCCCCC)=C%12)CCCCCCCC)=C%11)C%15=CC=C(CCCCCC)C=C%15,-0.216385482,0.123698163,0.340083645,0
IDT-BOC6,CCCCCCC1=CC=C(C=C1)C(C2=C3C=C(C(C4C5SC(C6=C(C=C(/C=C(\C7=C(C#N)/C#N)C(C8=C7C=CC=C8)=O)C(OCCCCCCCC)=C6)OCCCCCCCC)=C4)(C9=CC=C(CCCCCC)C=C9)C%10=CC=C(CCCCCC)C=C%10)C5=C2)(C%11C3SC(C%12=CC(OCCCCCCCC)=C(/C=C(\C%13=C(C#N)/C#N)C(C%14=C%13C=CC=C%14)=O)C=C%12OCCCCCCCC)=C%11)C%15=CC=C(CCCCCC)C=C%15,-0.20282855,0.126288708,0.329117258,0
IDTIDT-IC,CCCCCCC1=CC=C(C(C2=CC=C(C=C2)CCCCCC)(C3=C4C=C(C5=C3)C(C6=CC=C(C=C6)CCCCCC)(C7C5SC(/C=C(C(C8=C9C=CC=C8)=O)/C9=C(C#N)\C#N)=C7)C%10=CC=C(C=C%10)CCCCCC)C%11=C4SC%12=C%11SC%13=C%12C(C%14=CC=C(C=C%14)CCCCCC)(C%15=CC%16=C(C=C%15%13)C(C%17=CC=C(C=C%17)CCCCCC)(C%18C%16SC(/C=C(C(C%19=C%20C=CC=C%19)=O)/C%20=C(C#N)\C#N)=C%18)C%21=CC=C(C=C%21)CCCCCC)C%22=CC=C(C=C%22)CCCCCC)C=C1,-0.169993209,0.119692294,0.289685502,0
IDT-Tz,O=C1C2=C(C(/C1=C/C3=CN=C(C4=CC(C5S4)C(C6=CC=C(C=C6)CCCCCC)(C7=CC=C(C=C7)CCCCCC)C(C5=C8)=CC9=C8C(C%10C9SC(C%11=NC=C(/C=C(C(C%12=C%13C=CC=C%12)=O)/C%13=C(C#N)\C#N)S%11)=C%10)(C%14=CC=C(C=C%14)CCCCCC)C%15=CC=C(C=C%15)CCCCCC)S3)=C(C#N)/C#N)C=CC=C2,-0.213954388,0.111562663,0.325517051,0
FDNCTF,CCCCCCCCC1(C2=C(C3=CC4=C(C=C31)C5=C(C4(CCCCCCCC)CCCCCCCC)C=C(/C=C(C(C6=C7C=C8C(C=CC=C8)=C6)=O)/C7=C(C#N)\C#N)S5)C=C(C9=C2)C(CCCCCCCC)(C%10=C9SC(/C=C(C(C%11=C%12C=C%13C(C=CC=C%13)=C%11)=O)/C%12=C(C#N)\C#N)=C%10)CCCCCCCC)CCCCCCCC,-0.178664354,0.113264178,0.291928532,0
IEIC,CCCCCCC1=CC=C(C(C2=CC=C(C=C2)CCCCCC)(C3=C4C=C(C5=C3)C(C6=CC=C(C=C6)CCCCCC)(C7C5SC(C8=C(C=C(/C=C(C(C9=C%10C=CC=C9)=O)\C%10=C(C#N)/C#N)S8)CC(CC)CCCC)=C7)C%11=CC=C(C=C%11)CCCCCC)C%12C4SC(C%13=C(C=C(/C=C(C(C%14=C%15C=CC=C%14)=O)\C%15=C(C#N)/C#N)S%13)CC(CC)CCCC)=C%12)C=C1,-0.207119035,0.117366668,0.324485703,0
IHIC-N,CCCCCCCCC1(C2=C(C3=C4C(C5=C(C=C4)C(CCCCCCCC)(CCCCCCCC)C6=C5SC(/C=C(C(C7=C8C=CC=C7)=O)/C8=C(C#N)\C#N)=C6)=CC=C31)SC(/C=C(C(C9=C%10C=CC=C9)=O)/C%10=C(C#N)\C#N)=C2)CCCCCCCC,-0.175523141,0.115365093,0.290888234,0
INIC,CCCCCCC1=CC=C(C(C2=CC=C(C=C2)CCCCCC)(C3=C4C=C(C5=C3)C(C6=CC=C(C=C6)CCCCCC)(C7C5SC8=C7SC9=C8SC(/C=C(C(C%10=C%11C=CC=C%10)=O)/C%11=C(C#N)\C#N)=C9)C%12=CC=C(C=C%12)CCCCCC)C%13C4SC%14=C%13SC%15=C%14SC(/C=C(C(C%16=C%17C=CC=C%16)=O)/C%17=C(C#N)\C#N)=C%15)C=C1,-0.191889024,0.111791646,0.30368067,0
INIC1,CCCCCCC1=CC=C(C(C2=CC=C(C=C2)CCCCCC)(C3=C4C=C(C5=C3)C(C6=CC=C(C=C6)CCCCCC)(C7C5SC8=C7SC9=C8SC(/C=C(C(C%10=C%11C=CC=C%10F)=O)/C%11=C(C#N)\C#N)=C9)C%12=CC=C(C=C%12)CCCCCC)C%13C4SC%14=C%13SC%15=C%14SC(/C=C(C(C%16=C%17C=CC=C%16F)=O)/C%17=C(C#N)\C#N)=C%15)C=C1,-0.193680664,0.112708067,0.306388731,0
INIC2,CCCCCCC1=CC=C(C(C2=CC=C(C=C2)CCCCCC)(C3=C4C=C(C5=C3)C(C6=CC=C(C=C6)CCCCCC)(C7C5SC8=C7SC9=C8SC(/C=C(C(C%10=C%11C=C(F)C=C%10)=O)/C%11=C(C#N)\C#N)=C9)C%12=CC=C(C=C%12)CCCCCC)C%13C4SC%14=C%13SC%15=C%14SC(/C=C(C(C%16=C%17C=C(F)C=C%16)=O)/C%17=C(C#N)\C#N)=C%15)C=C1,-0.191550209,0.112651784,0.304201992,0
TT-OBAR,CCCCCCCCN(C(N1CCCCCCCC)=O)C(C(C1=O)=CC2=CC=C(C3=CC=C(C=C(C4=O)C(N(C(N4CCCCCCCC)=O)CCCCCCCC)=O)S3)S2)=O,-0.201953618,0.131279322,0.33323294,0
INIC3,CCCCCCC1=CC=C(C(C2=CC=C(C=C2)CCCCCC)(C3=C4C=C(C5=C3)C(C6=CC=C(C=C6)CCCCCC)(C7C5SC8=C7SC9=C8SC(/C=C(C(C%10=C%11C=C(F)C(F)=C%10)=O)/C%11=C(C#N)\C#N)=C9)C%12=CC=C(C=C%12)CCCCCC)C%13C4SC%14=C%13SC%15=C%14SC(/C=C(C(C%16=C%17C=C(F)C(F)=C%16)=O)/C%17=C(C#N)\C#N)=C%15)C=C1,-0.193768285,0.105322507,0.299090792,0
ITIC,CCCCCCC1=CC=C(C(C2=CC=C(C=C2)CCCCCC)(C3=C4C=C(C5=C3)C(C6=CC=C(C=C6)CCCCCC)(C7C5SC8=C7SC(/C=C(C(C9=C%10C=CC=C9)=O)/C%10=C(C#N)\C#N)=C8)C%11=CC=C(C=C%11)CCCCCC)C%12C4SC%13=C%12SC(/C=C(C(C%14=C%15C=CC=C%14)=O)/C%15=C(C#N)\C#N)=C%13)C=C1,-0.208044292,0.116974293,0.325018585,0
ITIC-OE,COCCOCC1=CC=C(C(C2=CC=C(C=C2)COCCOC)(C3=C4C=C(C5=C3)C(C6=CC=C(C=C6)COCCOC)(C7C5SC8=C7SC(/C=C(C(C9=C%10C=CC=C9)=O)/C%10=C(C#N)\C#N)=C8)C%11=CC=C(C=C%11)COCCOC)C%12C4SC%13=C%12SC(/C=C(C(C%14=C%15C=CC=C%14)=O)/C%15=C(C#N)\C#N)=C%13)C=C1,-0.203449094,0.116469839,0.319918932,0
ITIC-SC6,O=C1C2=C(C(/C1=C/C3=CC4=C(S3)C(C5S4)C(C6=CC=C(C=C6)SCCCCCC)(C7=CC=C(C=C7)SCCCCCC)C(C5=C8)=CC9=C8C(C%10C9SC%11=C%10SC(/C=C(C(C%12=C%13C=CC=C%12)=O)/C%13=C(C#N)\C#N)=C%11)(C%14=CC=C(C=C%14)SCCCCCC)C%15=CC=C(C=C%15)SCCCCCC)=C(C#N)/C#N)C=CC=C2,-0.215033958,0.11510573,0.330139688,0
ITIC-SC8,O=C1C2=C(C(/C1=C/C3=CC4=C(S3)C(C5S4)C(C6=CC=C(C=C6)SCCCCCCCC)(C7=CC=C(C=C7)SCCCCCCCC)C(C5=C8)=CC9=C8C(C%10C9SC%11=C%10SC(/C=C(C(C%12=C%13C=CC=C%12)=O)/C%13=C(C#N)\C#N)=C%11)(C%14=CC=C(C=C%14)SCCCCCCCC)C%15=CC=C(C=C%15)SCCCCCCCC)=C(C#N)/C#N)C=CC=C2,-0.212469532,0.119355666,0.331825198,0
ITIC-SC2C6,O=C1C2=C(C(/C1=C/C3=CC4=C(S3)C(C5S4)C(C6=CC=C(C=C6)SCC(CC)CCCCCC)(C7=CC=C(C=C7)SCC(CC)CCCCCC)C(C5=C8)=CC9=C8C(C%10C9SC%11=C%10SC(/C=C(C(C%12=C%13C=CC=C%12)=O)/C%13=C(C#N)\C#N)=C%11)(C%14=CC=C(C=C%14)SCC(CC)CCCCCC)C%15=CC=C(C=C%15)SCC(CCCCCC)CCC)=C(C#N)/C#N)C=CC=C2,-0.215528349,0.115348145,0.330876494,0
IEICO,O=C1C2=C(C(/C1=C/C3=CC(OCC(CC)CCCC)=C(C4=CC(C5S4)C(C6=CC=C(C=C6)CCCCCC)(C7=CC=C(C=C7)CCCCCC)C(C5=C8)=CC9=C8C(C%10C9SC(C%11=C(C=C(/C=C(C(C%12=C%13C=CC=C%12)=O)/C%13=C(C#N)\C#N)S%11)OCC(CC)CCCC)=C%10)(C%14=CC=C(C=C%14)CCCCCC)C%15=CC=C(C=C%15)CCCCCC)S3)=C(C#N)/C#N)C=CC=C2,-0.203510684,0.107997523,0.311508207,0
m-ITIC,O=C1C2=C(C(/C1=C/C3=CC4=C(S3)C(C5S4)C(C6=CC(CCCCCC)=CC=C6)(C7=CC(CCCCCC)=CC=C7)C(C5=C8)=CC9=C8C(C%10C9SC%11=C%10SC(/C=C(C(C%12=C%13C=CC=C%12)=O)/C%13=C(C#N)\C#N)=C%11)(C%14=CC=CC(CCCCCC)=C%14)C%15=CC=CC(CCCCCC)=C%15)=C(C#N)/C#N)C=CC=C2,-0.205091753,0.115517385,0.320609137,0
m-ITIC-OR,O=C1C2=C(C(/C1=C/C3=CC(S4)=C(S3)C5C4C6=CC(C(C7=CC=CC(OCCCCCCCC)=C7)(C8C9SC%10=C8SC(/C=C(C(C%11=C%12C=CC=C%11)=O)/C%12=C(C#N)\C#N)=C%10)C%13=CC=CC(OCCCCCCCC)=C%13)=C9C=C6C(C%14=CC(OCCCCCCCC)=CC=C%14)5C%15=CC(OCCCCCCCC)=CC=C%15)=C(C#N)/C#N)C=CC=C2,-0.208003393,0.120090818,0.328094211,0
FTTB,CCCCCCCCC1(C2=C(C3=CC=C(C4=CC=C(/C=C(C5=O)/C(N(C(N5CC)=O)CC)=O)S4)C=C31)C=CC(C6=CC=C(/C=C(C7=O)/C(N(C(N7CC)=O)CC)=O)S6)=C2)CCCCCCCC,-0.191763899,0.140567374,0.332331273,0
IDT(DCV)2,CCCCCCC1=CC=C(C(C2=CC=C(C=C2)CCCCCC)(C3=C4C=C(C5=C3)C(C6=CC=C(C=C6)CCCCCC)(C7C5SC(C=C(C#N)C#N)=C7)C8=CC=C(C=C8)CCCCCC)C9C4SC(C=C(C#N)C#N)=C9)C=C1,-0.237516628,0.15362562,0.391142249,0
IDT(TCV)2,CCCCCCC1=CC=C(C(C2=CC=C(C=C2)CCCCCC)(C3=C4C=C(C5=C3)C(C6=CC=C(C=C6)CCCCCC)(C7C5SC(/C(C#N)=C(C#N)/C#N)=C7)C8=CC=C(C=C8)CCCCCC)C9C4SC(/C(C#N)=C(C#N)/C#N)=C9)C=C1,-0.248949029,0.107263926,0.356212956,0
NFBDT,O=C1C2=C(C(/C1=C/C3=CC4=C(S3)C(C5C(C6=CC=C(C=C6)CCCCCC)4C7=CC=C(C=C7)CCCCCC)SC(C=C8C9%10)=C5C=C8SC9C(SC(/C=C(C(C%11=C%12C=CC=C%11)=O)/C%12=C(C#N)\C#N)=C%13)=C%13C%10(C%14=CC=C(C=C%14)CCCCCC)C%15=CC=C(C=C%15)CCCCCC)=C(C#N)/C#N)C=CC=C2,-0.201103248,0.108875776,0.309979024,0
NIDBT,O=C1C2=C(C(/C1=C/C3=CC4=CC(C(C5=CC=C(C=C5)CCCCCC)(C6=CC=C(C=C6)CCCCCC)C(C7=C8)=CC9=C8C(C%10=C9C=C%11C(C=C(/C=C(C(C%12=C%13C=CC=C%12)=O)/C%13=C(C#N)\C#N)S%11)=C%10)(C%14=CC=C(C=C%14)CCCCCC)C%15=CC=C(C=C%15)CCCCCC)=C7C=C4S3)=C(C#N)/C#N)C=CC=C2,-0.188448335,0.113121331,0.301569666,0
NTIC,O=C1C2=C(C(/C1=C/C3=CC4=C(S3)C(C5=CC=C(C(C6=CC=C(C=C6)CCCCCC)(C7=C8SC(/C=C(C(C9=C%10C=CC=C9)=O)/C%10=C(C#N)\C#N)=C7)C%11=CC=C(C=C%11)CCCCCC)C8=C5C=C%12)=C%12C4(C%13=CC=C(C=C%13)CCCCCC)C%14=CC=C(C=C%14)CCCCCC)=C(C#N)/C#N)C=CC=C2,-0.177322271,0.114244555,0.291566826,0
IDT-2BM,CCCCCCC1=CC=C(C(C2=CC=C(C=C2)CCCCCC)(C3=C4C=C(C5=C3)C(C6=CC=C(C=C6)CCCCCC)(C7C5SC(C8=CC=C(C=C(C#N)C#N)C9=NSN=C89)=C7)C%10=CC=C(C=C%10)CCCCCC)C%11C4SC(C%12=CC=C(/C=C(C#N)\C#N)C%13=NSN=C%12%13)=C%11)C=C1,-0.216118761,0.102330708,0.318449468,0
IDTT-2BM,CCCCCCC1=CC=C(C(C2=CC=C(C=C2)CCCCCC)(C3=C4C=C(C5=C3)C(C6=CC=C(C=C6)CCCCCC)(C7C5SC8=C7SC(C9=CC=C(C=C(C#N)C#N)C%10=NSN=C9%10)=C8)C%11=CC=C(C=C%11)CCCCCC)C%12C4SC%13=C%12SC(C%14=CC=C(/C=C(C#N)\C#N)C%15=NSN=C%14%15)=C%13)C=C1,-0.199698305,0.097632977,0.297331282,0
IDT-2DPP,CCCCCCC1=CC=C(C(C2=CC=C(C=C2)CCCCCC)(C3=C4C=C(C5=C3)C(C6=CC=C(C=C6)CCCCCC)(C7C5SC(C8=CC=C(C(S9)=CC=C9C(N(C%10=O)CC(CC)CCCC)=C%11C%10=C(N(C%11=O)CC(CC)CCCC)C%12=CC=CS%12)S8)=C7)C%13=CC=C(C=C%13)CCCCCC)C%14C4SC(C%15=CC=C(C%16=CC=C(S%16)C(N(C%17=O)CC(CC)CCCC)=C%18C%17=C(N(C%18=O)CC(CC)CCCC)C%19=CC=CS%19)S%15)=C%14)C=C1,-0.166285605,0.143242241,0.309527846,0
SJ-IC,CCCCCCC1=CC=C(C(C2=CC=C(C=C2)CCCCCC)(C3=C4C=C(C5=C3)C(C6=CC=C(C=C6)CCCCCC)(C7C5SC(C=C/C=C(C(C8=C9C=CC=C8)=O)\C9=C(C#N)/C#N)=C7)C%10=CC=C(C=C%10)CCCCCC)C%11C4SC(C=C/C=C(C(C%12=C%13C=CC=C%12)=O)/C%13=C(C#N)\C#N)=C%11)C=C1,-0.217164635,0.11627782,0.333442455,0
IDSe-T-IC,O=C1C2=C(C(/C1=C\C3=CC(CC(CC)CCCC)=C(C4=CC(C5[Se]4)C(C6=CC=C(C=C6)CCCCCC)(C7=C5C=C(C8=C7)C(C9=CC=C(C=C9)CCCCCC)(C%10C8[Se]C(C%11=C(C=C(C=C(C(C%12=C/%13C=CC=C%12)=O)C%13=C(C#N)/C#N)S%11)CC(CC)CCCC)=C%10)C%14=CC=C(C=C%14)CCCCCC)C%15=CC=C(C=C%15)CCCCCC)S3)=C(C#N)/C#N)C=CC=C2,-0.211478777,0.118225905,0.329704682,0
IDT-IC,O=C1C2=C(C(/C1=C/C3=CC(C4S3)C(C5=CC=C(C=C5)CCCCCC)(C6=C4C=C(C7=C6)C(C8=CC=C(C=C8)CCCCCC)(C9C7SC(/C=C(C(C%10=C%11C=CC=C%10)=O)\C%11=C(C#N)/C#N)=C9)C%12=CC=C(C=C%12)CCCCCC)C%13=CC=C(C=C%13)CCCCCC)=C(C#N)/C#N)C=CC=C2,-0.230787137,0.121867822,0.35265496,0
ITIC-Th1,O=C1C2=C(C(/C1=C/C3=CC4=C(S3)C(C5S4)C(C6=CC=C(S6)CCCCCC)(C7=C5C=C(C8=C7)C(C9=CC=C(S9)CCCCCC)(C%10C8SC%11=C%10SC(/C=C(C(C%12=C%13C=C(F)C=C%12)=O)\C%13=C(C#N)/C#N)=C%11)C%14=CC=C(S%14)CCCCCC)C%15=CC=C(S%15)CCCCCC)=C(C#N)/C#N)C=C(F)C=C2,-0.207477171,0.116676228,0.3241534,0
EBB,CCN(C(N1CC)=O)C(C(C1=O)=CC2=CC=C(C3=CC=C(/C=C(C4=O)\C(N(C(N4CC)=O)CC)=O)S3)S2)=O,-0.20322922,0.13079779,0.33402701,0
