Name,SMILE
Y6,CCC(CCCC)CN1C2=C(SC3=C2SC(/C=C(C(C4=C5C=C(F)C(F)=C4)=O)/C5=C(C#N)\C#N)=C3CCCCCCCCCCC)C6=C1C(N(CC(CCCC)CC)C7=C8SC9=C7SC(/C=C(C(C%10=C%11C=C(F)C(F)=C%10)=O)/C%11=C(C#N)\C#N)=C9CCCCCCCCCCC)=C8C%12=NSN=C6%12
A1,CCCCCCC1=CC=C(C(C2=CC=C(C=C2)CCCCCC)(C3=C4C=C(C5=C3)C(C6=CC=C(C=C6)CCCCCC)(C7C5SC(C8=C9C(SC(C(OCC)=O)=C9)=C(C%10=NSN=C%108)/C=C(C%11=O)\SC(N%11CCCCCCCC)=S)=C7)C%12=CC=C(C=C%12)CCCCCC)C%13C4SC(C%14=C%15C(SC(C(OCC)=O)=C%15)=C(C%16=NSN=C%16%14)/C=C(C%17=O)\SC(N%17CCCCCCCC)=S)=C%13)C=C1
A2,CCCCCCC1=CC=C(C(C2=CC=C(C=C2)CCCCCC)(C3=C4C=C(C5=C3)C(C6=CC=C(C=C6)CCCCCC)(C7C5SC(C8=C9C(SC(C(OCC)=O)=C9)=C(C%10=NSN=C%108)/C=C(C%11=O)\S/C(N%11CCCCCCCC)=C(C#N)\C#N)=C7)C%12=CC=C(C=C%12)CCCCCC)C%13C4SC(C%14=C%15C(SC(C(OCC)=O)=C%15)=C(C%16=NSN=C%16%14)/C=C(C%17=O)\S/C(N%17CCCCCCCC)=C(C#N)\C#N)=C%13)C=C1
DPP1,CCCCCCCCC1(CCCCCCCC)C2=C(C=CC(C3=CC=C(C(N(CC(CCCC)CC)C4=O)=C5C4=C(C6=CC=CS6)N(CC(CCCC)CC)C5=O)S3)=C2)C7=CC=C(C8=CC=C(S8)C(N9CC(CCCC)CC)=C%10C(N(CC(CCCC)CC)C(C%11=CC=CS%11)=C%10C9=O)=O)C=C71
FRdCN2,O=C1/C(S/C(N1CCCCCC)=C(C#N)\C#N)=C/C2=CC=C(C3=CC=C(C4=CC=C(C(C=CC(C5=CC=C(C6=CC=C(/C=C(S/C(N7CCCCCC)=C(C#N)/C#N)/C7=O)O6)C8=NSN=C58)=C9)=C9C%10(CC(CCCC)CC)CC(CCCC)CC)C%10=C4)C%11=NSN=C3%11)O2
IM-IDT3,CCCCCCC1=CC=C(C=C1)C(C2=C3C=C(C(C4C5SC(C6=CC(C7S6)C(C8=CC=C(CCCCCC)C=C8)(C9=C7C=C(C(C%10C%11SC(/C=C(C(C%12=C%13C=CC=C%12)=O)\C%13=C(C#N)/C#N)=C%10)(C%14=CC=C(CCCCCC)C=C%14)C%15=CC=C(CCCCCC)C=C%15)C%11=C9)C(C=C%16)=CC=C%16CCCCCC)=C4)(C%17=CC=C(CCCCCC)C=C%17)C%18=CC=C(CCCCCC)C=C%18)C5=C2)(C%19C3SC(C%20=CC(C%21S%20)C(C%22=CC=C(CCCCCC)C=C%22)(C%23=CC=C(CCCCCC)C=C%23)C(C%21=C%24)=CC%25=C%24C(C%26=CC=C(CCCCCC)C=C%26)(C%27C%25SC(/C=C(C(C%28=C%29C=CC=C%28)=O)\C%29=C(C#N)/C#N)=C%27)C(C=C%30)=CC=C%30CCCCCC)=C%19)C%31=CC=C(CCCCCC)C=C%31
IM-BDTIDT2,CCCCCCC1=CC=C(C=C1)C(C2=C3C=C(C(C4C5SC(/C=C(C(C6=C7C=CC=C6)=O)\C7=C(C#N)/C#N)=C4)(C8=CC=C(CCCCCC)C=C8)C9=CC=C(CCCCCC)C=C9)C5=C2)(C%10C3SC(C%11=CC%12=C(C%13=CC=C(CC(CCCC)CC)S%13)C%14=C(C=C(C%15=CC(C%16S%15)C(C%17=CC=C(CCCCCC)C=C%17)(C%18=CC=C(CCCCCC)C=C%18)C(C%16=C%19)=CC%20=C%19C(C%21=CC=C(CCCCCC)C=C%21)(C%22C%20SC(/C=C(C(C%23=C%24C=CC=C%23)=O)\C%24=C(C#N)/C#N)=C%22)C(C=C%25)=CC=C%25CCCCCC)S%14)C(C%26=CC=C(CC(CCCC)CC)S%26)=C%12S%11)=C%10)C%27=CC=C(CCCCCC)C=C%27
ITIC-Th,O=C1C2=C(C(/C1=C/C3=CC4=C(C(C(C5=C6C=C(C7=C5)C(C8=CC=C(S8)CCCCCC)(C9=CC=C(S9)CCCCCC)C%10C7SC%11=C%10SC(/C=C(/C%12=C(C#N)\C#N)C(C%13=C%12C=CC=C%13)=O)=C%11)(C%14=CC=C(S%14)CCCCCC)C%15=CC=C(S%15)CCCCCC)C6S4)S3)=C(C#N)/C#N)C=CC=C2
ITIC-Th1,O=C1C(C=CC(F)=C2)=C2/C(C1=CC(S3)=CC4=C3C(C5S4)C(C6=CC=C(CCCCCC)S6)(C7=C5C=C(C(C8C9SC%10=C8SC(C=C(C(C%11=C/%12C=C(F)C=C%11)=O)C%12=C(C#N)/C#N)=C%10)(C%13=CC=C(CCCCCC)S%13)C%14=CC=C(CCCCCC)S%14)C9=C7)C%15=CC=C(CCCCCC)S%15)=C(C#N)/C#N
ITIC-Th2,O=C1C(C=C(F)C(F)=C2)=C2/C(C1=CC(S3)=CC4=C3C(C5S4)C(C6=CC=C(CCCCCC)S6)(C7=C5C=C(C(C8C9SC%10=C8SC(C=C(C(C%11=C/%12C=C(F)C(F)=C%11)=O)C%12=C(C#N)/C#N)=C%10)(C%13=CC=C(CCCCCC)S%13)C%14=CC=C(CCCCCC)S%14)C9=C7)C%15=CC=C(CCCCCC)S%15)=C(C#N)/C#N
ITIC-Th3,O=C1C(C=CC(OC)=C2)=C2/C(C1=CC(S3)=CC4=C3C(C5S4)C(C6=CC=C(CCCCCC)S6)(C7=C5C=C(C(C8C9SC%10=C8SC(C=C(C(C%11=C/%12C=C(OC)C=C%11)=O)C%12=C(C#N)/C#N)=C%10)(C%13=CC=C(CCCCCC)S%13)C%14=CC=C(CCCCCC)S%14)C9=C7)C%15=CC=C(CCCCCC)S%15)=C(C#N)/C#N
ITIC,CCCCCCC1=CC=C(C=C1)C(C2=C3C=C(C(C4C5SC6=C4SC(C=C(C(C7=C/8C=CC=C7)=O)C8=C(C#N)/C#N)=C6)(C9=CC=C(CCCCCC)C=C9)C%10=CC=C(CCCCCC)C=C%10)C5=C2)(C%11C3SC%12=C%11SC(C=C(C(C%13=C/%14C=CC=C%13)=O)C%14=C(C#N)/C#N)=C%12)C%15=CC=C(CCCCCC)C=C%15
pO-ITIC,CCCCCCOC(C=C1)=CC=C1C(C2C3SC4=C2SC(C=C(C(C5=C/6C=CC=C5)=O)C6=C(C#N)/C#N)=C4)(C7=CC=C(OCCCCCC)C=C7)C(C3=C8)=CC9=C8C(C%10=CC=C(OCCCCCC)C=C%10)(C%11C9SC%12=C%11SC(C=C(C(C%13=C/%14C=CC=C%13)=O)C%14=C(C#N)/C#N)=C%12)C(C=C%15)=CC=C%15OCCCCCC
mO-ITIC,CCCCCCOC1=CC(C(C2C3SC4=C2SC(C=C(C(C5=C/6C=CC=C5)=O)C6=C(C#N)/C#N)=C4)(C7=CC(OCCCCCC)=CC=C7)C(C3=C8)=CC9=C8C(C%10=CC=CC(OCCCCCC)=C%10)(C%11C9SC%12=C%11SC(C=C(C(C%13=C/%14C=CC=C%13)=O)C%14=C(C#N)/C#N)=C%12)C%15=CC(OCCCCCC)=CC=C%15)=CC=C1
FBM,CCCCCCCCC1(CCCCCCCC)C2=C(C=CC(C3=CC=C(C=C(C#N)C#N)C4=NSN=C34)=C2)C5=CC=C(C6=CC=C(C=C(C#N)C#N)C7=NSN=C67)C=C51
CBM,CCCCCCCCC(CCCCCCCC)N1C2=C(C=CC(C3=CC=C(C=C(C#N)C#N)C4=NSN=C34)=C2)C5=CC=C(C6=CC=C(C=C(C#N)C#N)C7=NSN=C67)C=C51
CDTBM,CCCCCCCCC(C1=C2SC(C3=CC=C(C=C(C#N)C#N)C4=NSN=C34)=C1)(CCCCCCCC)C5=C2SC(C6=CC=C(C=C(C#N)C#N)C7=NSN=C67)=C5
FpO-ITIC,CCCCCCOC1=CC=C(C(C(C=C2F)=CC=C2OCCCCCC)(C3=CC4=C(C(C5C4SC6=C5SC(/C=C(/C7=C(C#N)/C#N)C(C8=C7C=CC=C8)=O)=C6)(C9=CC(F)=C(OCCCCCC)C=C9)C%10=CC=C(C(F)=C%10)OCCCCCC)C=C3%11)C%12C%11SC%13=C%12SC(/C=C(/C%14=C(C#N)/C#N)C(C%15=C%14C=CC=C%15)=O)=C%13)C(F)=C1
4TIC,CCCCCCC(C=C1)=CC=C1C2(C3=CC=C(CCCCCC)C=C3)C4=C(SC(/C=C(C(C5=C6C=CC=C5)=O)\C6=C(C#N)/C#N)=C4)C7=C2C(S8)=C(S7)C9=C8C%10=C(C9(C%11=CC=C(CCCCCC)C=C%11)C%12=CC=C(CCCCCC)C=C%12)C=C(C=C(C(C%13=C/%14C=CC=C%13)=O)C%14=C(C#N)/C#N)S%10
6TIC,CCCCCCC(C=C1)=CC=C1C2(C3=CC=C(CCCCCC)C=C3)C4=C(SC5=C4SC(/C=C(C(C6=C7C=CC=C6)=O)\C7=C(C#N)/C#N)=C5)C8=C2C(S9)=C(S8)C%10=C9C%11=C(C%10(C%12=CC=C(CCCCCC)C=C%12)C%13=CC=C(CCCCCC)C=C%13)C%14=C(C=C(/C=C(C(C%15=C%16C=CC=C%15)=O)/C%16=C(C#N)\C#N)S%14)S%11
BDCPDT-IC,CCCCCCC(C=C1)=CC=C1C(C2=CC=C(C=C2)CCCCCC)(C3=C4SC(C=C(C(C5=C/6C=CC=C5)=O)C6=C(C#N)/C#N)=C3)C7C4SC8=CC9=C(SC%10C9C(C%11=CC=C(C=C%11)CCCCCC)(C%12=C%10SC(C=C(/C(C%13=C%14C=CC=C%13)=C(C#N)/C#N)C%14=O)=C%12)C%15=CC=C(C=C%15)CCCCCC)C=C87
ITCPTC,O=C1C2=CSC=C2C(/C1=C/C3=CC4=C(C(C(C5=C6C=C(C7=C5)C(C8=CC=C(CCCCCC)C=C8)(C9=CC=C(CCCCCC)C=C9)C%10C7SC%11=C%10SC(/C=C%12C(C%13=CSC=C%13C\%12=C(C#N)\C#N)=O)=C%11)(C%14=CC=C(CCCCCC)C=C%14)C%15=CC=C(CCCCCC)C=C%15)C6S4)S3)=C(C#N)/C#N
BT-IC,CCCCCCC(C=C1)=CC=C1C(C2=CC=C(C=C2)CCCCCC)(C3=C4SC(C=C(C(C5=C/6C=CC=C5)=O)C6=C(C#N)/C#N)=C3)C7C4SC(C7=C8OC9=CC=C(C=C9)CC(CC)CCCCCC)=C(C%10=C8SC%11C%10C(C%12=CC=C(C=C%12)CCCCCC)(C%13=C%11SC(C=C(C(C%14=C/%15C=CC=C%14)=O)C%15=C(C#N)/C#N)=C%13)C%16=CC=C(C=C%16)CCCCCC)OC%17=CC=C(C=C%17)CC(CC)CCCCCC
DC-IDT2T,CCCCCCC1=CC=C(C(C2=CC=C(C=C2)CCCCCC)(C3=C4C=C(C5=C3)C(C6=CC=C(C=C6)CCCCCC)(C7C5SC(C8=CC=C(/C=C(C(C9=C%10C=CC=C9)=O)/C%10=C(C#N)\C#N)S8)=C7)C%11=CC=C(C=C%11)CCCCCC)C%12C4SC(C%13=CC=C(C=C(C(C%14=C/%15C=CC=C%14)=O)C%15=C(C#N)/C#N)S%13)=C%12)C=C1
DICTF,CCCCCCCCC1(C2=C(C3=CC=C(C4=CC=C(C=C(C(C5=C/6C=CC=C5)=O)C6=C(C#N)/C#N)S4)C=C31)C=CC(C7=CC=C(/C=C(C(C8=C9C=CC=C8)=O)\C9=C(C#N)/C#N)S7)=C2)CCCCCCCC
ATT-1,CCCCCCC1=CC=C(C(C2=CC=C(C=C2)CCCCCC)(C3=C4C=C(C5=C3)C(C6=CC=C(C=C6)CCCCCC)(C7C5SC(C8=C9C(C=C(S9)C(OCCCCCCCC)=O)=C(/C=C(C%10=O)/S/C(N%10CC)=C(C#N)\C#N)S8)=C7)C%11=CC=C(C=C%11)CCCCCC)C%12C4SC(C%13=C%14SC(C(OCCCCCCCC)=O)=CC%14=C(/C=C(C%15=O)\S/C(N%15CC)=C(C#N)\C#N)S%13)=C%12)C=C1
BAF-2HDT,CCCCCCCCCCC1(C2=C(C3=CC=C(C4=CC=C(/C=C5SC(SCCCCCC)=C(S/5)SCCCCCC)C6C4N=S=N6)C=C31)C=CC(C7=CC=C(/C=C8SC(SCCCCCC)=C(S/8)SCCCCCC)C9C7N=S=N9)=C2)CCCCCCCCCC
IDIDT-C8,CCCCCCCCC1(C2=C(C3=C1C4=C(C5=C(C4(CCCCCCCC)CCCCCCCC)C=C(C6=CC=C(C=C(/C(C7=C8C=CC=C7)=C(C#N)/C#N)C8=O)S6)C=C5)S3)C=CC(C9=CC=C(C=C(C(C%10=C/%11C=CC=C%10)=O)C%11=C(C#N)/C#N)S9)=C2)CCCCCCCC
BTA2,CCCCCCC1=CC=C(C(C2=CC=C(C=C2)CCCCCC)(C3=C4C=C(C5=C3)C(C6=CC=C(C=C6)CCCCCC)(C7C5SC(C8=CC=C(/C=C(C9=O)/SC(N9CC)=O)C%10=NN(N=C8%10)CCCCCCCC)=C7)C%11=CC=C(C=C%11)CCCCCC)C%12C4SC(C%13=CC=C(/C=C(C%14=O)/SC(N%14CC)=O)C%15=NN(CCCCCCCC)N=C%13%15)=C%12)C=C1
DCI-2,CCCCCCCCC(N(C1=C2SC(C3=C(C=C(C4=C(C=C(/C=C(C(C5=C6C=CC=C5)=O)/C6=C(C#N)/C#N)S4)CCCCCC)S3)CCCCCC)=C1)C7=C2SC(C8=C(C=C(C9=C(C=C(/C=C(C(C%10=C%11C=CC=C%10)=O)/C%11=C(C#N)\C#N)S9)CCCCCC)S8)CCCCCC)=C7)CCCCCCCC
Cz-IN,CCCCCCCCC(N1C2=C(C3=CC=C(C4=CC=C(C=C(C(C5=C6C=CC=C5)=O)C6=O)S4)C=C31)C=CC(C7=CC=C(C=C(C(C8=C9C=CC=C8)=O)C9=O)S7)=C2)CCCCCCCC
Cz-ECA,CCCCCCCCC(N1C2=C(C3=CC=C(C4=CC=C(/C=C(C(OC)=O)\C#N)S4)C=C31)C=CC(C5=CC=C(/C=C(C#N)/C(OC)=O)S5)=C2)CCCCCCCC
DTCC-IC,CCCCCCCCN1C2=C(C3=CC4=C(C=C31)C5=C(C4(C6=CC=C(OCCCCCCCC)C=C6)C7=CC=CC(OCCCCCCCC)=C7)C=C(C=C(C(C8=C/9C=CC=C8)=O)C9=C(C#N)/C#N)S5)C=C(C%10=C2)C(C%11=CC=C(OCCCCCCCC)C=C%11)(C%12=C%10SC(/C=C(C(C%13=C%14C=CC=C%13)=O)\C%14=C(C#N)/C#N)=C%12)C%15=CC=C(OCCCCCCCC)C=C%15
DTNIC6,CCCCCCC1(C2=C(C3=C4C(C5=C(C=C4)C(CCCCCC)(CCCCCC)C6=C5SC(/C=C(C(C7=C8C=CC=C7)=O)\C8=C(C#N)/C#N)=C6)=CC=C31)SC(C=C(C(C9=C/%10C=CC=C9)=O)C%10=C(C#N)/C#N)=C2)CCCCCC
DTNIC8,O=C1C2=C(C(/C1=C\C3=CC4=C(S3)C(C5=CC=C(C(CC(CCCCCC)CC)(C6=C7SC(C=C(C(C8=C/9C=CC=C8)=O)C9=C(C#N)/C#N)=C6)CC(CC)CCCCCC)C7=C5C=C%10)=C%10C4(CC(CCCCCC)CC)CC(CCCCCC)CC)=C(C#N)/C#N)C=CC=C2
Cz-RH,CCCCCCCCC(N1C2=C(C3=CC=C(C4=CC=C(/C=C(C5=O)\SC(N5CC)=S)S4)C=C31)C=CC(C6=CC=C(/C=C(C7=O)\SC(N7CC)=S)S6)=C2)CCCCCCCC
Flu-IN,CCCCCCCCC1(C2=C(C3=CC=C(C4=CC=C(/C=C5C(C6=C(C\5=O)C=CC=C6)=O)S4)C=C31)C=CC(C7=CC=C(/C=C8C(C9=C(C\8=O)C=CC=C9)=O)S7)=C2)CCCCCCCC
Flu-ECA,CCCCCCCCC1(C2=C(C3=CC=C(C4=CC=C(/C=C(C#N)\C(OC)=O)S4)C=C31)C=CC(C5=CC=C(/C=C(C#N)\C(OC)=O)S5)=C2)CCCCCCCC
Flu-RH,CCN1C(S/C(C1=O)=C\C2=CC=C(C3=CC(C4(CCCCCCCC)CCCCCCCC)=C(C5=CC=C(C6=CC=C(/C=C(C7=O)\SC(N7CC)=S)S6)C=C54)C=C3)S2)=S
DTPC-IC,CCCCCCC(CN1C2=CC3=C4C5=C2C6=C7C8=C(C(C9=CC=C(C=C9)CCCCCC)(C%10C(SC(/C=C(C(C%11=C%12C=CC=C%11)=O)\C%12=C(C#N)/C#N)=C%10)=C8C=C61)C%13=CC=C(C=C%13)CCCCCC)C=CC7=C5CC=C4C(C%14=CC=C(C=C%14)CCCCCC)(C%15=C3SC(C=C(C(C%16=C/%17C=CC=C%16)=O)C%17=C(C#N)/C#N)=C%15)C%18=CC=C(C=C%18)CCCCCC)CCCCCCCC
ITTIC,CCCCCCC(C=C1)=CC=C1C(C2=CC=C(C=C2)CCCCCC)(C3C4SC5=C3SC(C6=CC=C(/C=C7C(C8=C(C\7=C(C#N)/C#N)C=CC=C8)=O)S6)=C5)C(C4=C9)=CC%10=C9C(C%11=CC=C(C=C%11)CCCCCC)(C%12=CC=C(C=C%12)CCCCCC)C(C%10S%13)C(S%14)=C%13C=C%14C%15=CC=C(/C=C(C(C%16=C%17C=CC=C%16)=O)/C%17=C(C#N)/C#N)S%15
FTB,CCCCCCCCC1(C2=C(C3=CC=C(C4=CC=C(/C=C(C5=O)/C(N(C(N5C)=O)C)=O)S4)C=C31)C=CC(C6=CC=C(/C=C(C7=O)/C(N(C(N7C)=O)C)=O)S6)=C2)CCCCCCCC
FDICTF,CCCCCCCCC1(C2=C(C3=CC4=C(C=C31)C5=C(C4(CCCCCCCC)CCCCCCCC)C=C(C=C(C(C6=C/7C=CC=C6)=O)C7=C(C#N)/C#N)S5)C=C(C8=C2)C(CCCCCCCC)(C9=C8SC(C=C(C(C%10=C/%11C=CC=C%10)=O)C%11=C(C#N)/C#N)=C9)CCCCCCCC)CCCCCCCC
D5T6F-M,FC1=C(C2=C(C(F)=C(C3=C(C(F)=C(/C=C(C#N)/C#N)S3)CCCCCC)S2)CCCCCC)SC(C4=C(C(F)=C(C5=C(C(F)=C(/C=C(C#N)\C#N)S5)CCCCCC)S4)CCCCCC)=C1F
D7T8F-M,FC1=C(C2=C(C(F)=C(C3=C(C(F)=C(C4=C(C(F)=C(/C=C(C#N)/C#N)S4)CCCCCC)S3)CCCCCC)S2)CCCCCC)SC(C5=C(C(F)=C(C6=C(C(F)=C(C7=C(C(F)=C(/C=C(C#N)/C#N)S7)CCCCCC)S6)CCCCCC)S5)CCCCCC)=C1F
F-H,CCCCCCCCC1(C2=C(C3=CC4=C(C=C31)C5=C(C4(CCCCCCCC)CCCCCCCC)C=C(C=C(C(C6=C/7C=CC=C6)=O)C7=C(C#N)/C#N)S5)C=C(C8=C2)C(CCCCCCCC)(C9=C8SC(C=C(C(C%10=C/%11C=CC=C%10)=O)C%11=C(C#N)/C#N)=C9)CCCCCCCC)CCCCCCCC
IDTT(TCV)2,CCCCCCC1=CC=C(C(C2=CC=C(C=C2)CCCCCC)(C3=C4C=C(C5=C3)C(C6=CC=C(C=C6)CCCCCC)(C7C5SC(C8=CC=C(/C(C#N)=C(C#N)\C#N)S8)=C7)C9=CC=C(C=C9)CCCCCC)C%10C4SC(C%11=CC=C(/C(C#N)=C(C#N)\C#N)S%11)=C%10)C=C1
IDTCR,CCCCCCC1=CC=C(C(C2=CC=C(C=C2)CCCCCC)(C3=C4C=C(C5=C3)C(C6=CC=C(C=C6)CCCCCC)(C7C5SC(C8=CC=C(/C=C(C9=O)\S/C(N9CC)=C(C#N)\C#N)S8)=C7)C%10=CC=C(C=C%10)CCCCCC)C%11C4SC(C%12=CC=C(/C=C(C%13=O)/S/C(N%13CC)=C(C#N)\C#N)S%12)=C%11)C=C1
DTBT(TDPP)2,CC1=CC=C(C(N(CC(CCCC)CC)C2=O)=C3C2=C(C4=CC=CS4)N(CC(CCCC)CC)C3=O)S1
DTfBT(TDPP)2,CCCCC(CC)CN(C1=O)C(C2=CC=C(C3=CC=C(C4=CC=C(C5=C(F)C(F)=C(C6=CC=C(C7=CC=C(C8=CC=C(S8)C(N(C9=O)CC(CC)CCCC)=C%10C9=C(N(C%10=O)CC(CC)CCCC)C%11=CC=CS%11)S7)S6)C%12=NSN=C5%12)S4)S3)S2)=C%13C1=C(N(C%13=O)CC(CC)CCCC)C%14=CC=CS%14
ITIC,O=C1C(C=CC=C2)=C2C(/C1=C/C3=CC4=C(C(C(C5=C6C=C(C7=C5)C(C8=CC=C(CCCCCC)C=C8)(C9=CC=C(CCCCCC)C=C9)C%10C7SC%11=C%10SC(/C=C%12C(C(C=CC=C%13)=C%13C\%12=C(C#N)\C#N)=O)=C%11)(C%14=CC=C(CCCCCC)C=C%14)C%15=CC=C(CCCCCC)C=C%15)C6S4)S3)=C(C#N)/C#N
IC-1IDT-IC,CCCCCCC1=CC=C(C(C2=CC=C(C=C2)CCCCCC)(C3=C4C=C(C5=C3)C(C6=CC=C(C=C6)CCCCCC)(C7C5SC(/C=C(C(C8=C9C=CC=C8)=O)\C9=C(C#N)/C#N)=C7)C%10=CC=C(C=C%10)CCCCCC)C%11C4SC(/C=C(C(C%12=C%13C=CC=C%12)=O)/C%13=C(C#N)\C#N)=C%11)C=C1
IC-2IDT-IC,CCCCCCC1=CC=C(C(C2=CC=C(C=C2)CCCCCC)(C3=C4C=C(C5=C3)C(C6=CC=C(C=C6)CCCCCC)(C7C5SC(/C=C(C(C8=C9C=CC=C8)=O)\C9=C(C#N)/C#N)=C7)C%10=CC=C(C=C%10)CCCCCC)C%11C4SC(C%12=CC(C%13S%12)C(C%14=CC=C(C=C%14)CCCCCC)(C%15=CC=C(C=C%15)CCCCCC)C(C%13=C%16)=CC%17=C%16C(C%18C%17SC(/C=C(C(C%19=C%20C=CC=C%19)=O)/C%20=C(C#N)\C#N)=C%18)(C%21=CC=C(C=C%21)CCCCCC)C%22=CC=C(C=C%22)CCCCCC)=C%11)C=C1
IDIC,O=C1C2=C(C(/C1=C/C3=CC(C4S3)C(CCCCCC)(C5=C4C=C(C6=C5)C(CCCCCC)(C7C6SC(/C=C(C(C8=C9C=CC=C8)=O)/C9=C(C#N)\C#N)=C7)CCCCCC)CCCCCC)=C(C#N)/C#N)C=CC=C2
CDTDI,CCC(CC(CC(CC)CCCC)(C1=C2SC(C3=CC=C(/C=C(C(C4=C5C=CC=C4)=O)/C5=C(C#N)\C#N)S3)=C1)C6=C2SC(C7=CC=C(/C=C(C(C8=C9C=CC=C8)=O)/C9=C(C#N)\C#N)S7)=C6)CCCC
IDT2Se,CCCCCCC1=CC=C(C=C1)C(C2=C3C=C(C(C4C5SC(C6=CC=C(C=C(/C7=C(C#N)\C#N)C(C8=C7C=CC=C8)=O)[Se]6)=C4)(C9=CC=C(CCCCCC)C=C9)C%10=CC=C(CCCCCC)C=C%10)C5=C2)(C%11C3SC(C%12=CC=C(/C=C(/C%13=C(C#N)\C#N)C(C%14=C%13C=CC=C%14)=O)[Se]%12)=C%11)C%15=CC=C(CCCCCC)C=C%15
N7,CCCCCCCCC(N1C2=C(C3=CC=C(C(S4)=CC=C4C(N(C5=O)CC(CC)CCCC)=C6C5=C(N(C6=O)CC(CC)CCCC)C7=CC=CS7)C=C31)C=CC(C(S8)=CC=C8C(N(C9=O)CC(CC)CCCC)=C%10C9=C(N(C%10=O)CC(CC)CCCC)C%11=CC=CS%11)=C2)CCCCCCCC
TT-BBAR,CCCCN(C(N1CCCC)=O)C(C(C1=O)=CC2=CC=C(C3=CC=C(C=C(C4=O)C(N(C(N4CCCC)=O)CCCC)=O)S3)S2)=O
IDT-BC6,CCCCCCC1=CC=C(C=C1)C(C2=C3C=C(C(C4C5SC(C6=C(C=C(/C=C(\C7=C(C#N)/C#N)C(C8=C7C=CC=C8)=O)C(CCCCCCCC)=C6)CCCCCCCC)=C4)(C9=CC=C(CCCCCC)C=C9)C%10=CC=C(CCCCCC)C=C%10)C5=C2)(C%11C3SC(C%12=C(C=C(/C=C(\C%13=C(C#N)/C#N)C(C%14=C%13C=CC=C%14)=O)C(CCCCCCCC)=C%12)CCCCCCCC)=C%11)C%15=CC=C(CCCCCC)C=C%15
IDT-BOC6,CCCCCCC1=CC=C(C=C1)C(C2=C3C=C(C(C4C5SC(C6=C(C=C(/C=C(\C7=C(C#N)/C#N)C(C8=C7C=CC=C8)=O)C(OCCCCCCCC)=C6)OCCCCCCCC)=C4)(C9=CC=C(CCCCCC)C=C9)C%10=CC=C(CCCCCC)C=C%10)C5=C2)(C%11C3SC(C%12=CC(OCCCCCCCC)=C(/C=C(\C%13=C(C#N)/C#N)C(C%14=C%13C=CC=C%14)=O)C=C%12OCCCCCCCC)=C%11)C%15=CC=C(CCCCCC)C=C%15
IDTIDT-IC,CCCCCCC1=CC=C(C(C2=CC=C(C=C2)CCCCCC)(C3=C4C=C(C5=C3)C(C6=CC=C(C=C6)CCCCCC)(C7C5SC(/C=C(C(C8=C9C=CC=C8)=O)/C9=C(C#N)\C#N)=C7)C%10=CC=C(C=C%10)CCCCCC)C%11=C4SC%12=C%11SC%13=C%12C(C%14=CC=C(C=C%14)CCCCCC)(C%15=CC%16=C(C=C%15%13)C(C%17=CC=C(C=C%17)CCCCCC)(C%18C%16SC(/C=C(C(C%19=C%20C=CC=C%19)=O)/C%20=C(C#N)\C#N)=C%18)C%21=CC=C(C=C%21)CCCCCC)C%22=CC=C(C=C%22)CCCCCC)C=C1
IDT-Tz,O=C1C2=C(C(/C1=C/C3=CN=C(C4=CC(C5S4)C(C6=CC=C(C=C6)CCCCCC)(C7=CC=C(C=C7)CCCCCC)C(C5=C8)=CC9=C8C(C%10C9SC(C%11=NC=C(/C=C(C(C%12=C%13C=CC=C%12)=O)/C%13=C(C#N)\C#N)S%11)=C%10)(C%14=CC=C(C=C%14)CCCCCC)C%15=CC=C(C=C%15)CCCCCC)S3)=C(C#N)/C#N)C=CC=C2
FDNCTF,CCCCCCCCC1(C2=C(C3=CC4=C(C=C31)C5=C(C4(CCCCCCCC)CCCCCCCC)C=C(/C=C(C(C6=C7C=C8C(C=CC=C8)=C6)=O)/C7=C(C#N)\C#N)S5)C=C(C9=C2)C(CCCCCCCC)(C%10=C9SC(/C=C(C(C%11=C%12C=C%13C(C=CC=C%13)=C%11)=O)/C%12=C(C#N)\C#N)=C%10)CCCCCCCC)CCCCCCCC
IEIC,CCCCCCC1=CC=C(C(C2=CC=C(C=C2)CCCCCC)(C3=C4C=C(C5=C3)C(C6=CC=C(C=C6)CCCCCC)(C7C5SC(C8=C(C=C(/C=C(C(C9=C%10C=CC=C9)=O)\C%10=C(C#N)/C#N)S8)CC(CC)CCCC)=C7)C%11=CC=C(C=C%11)CCCCCC)C%12C4SC(C%13=C(C=C(/C=C(C(C%14=C%15C=CC=C%14)=O)\C%15=C(C#N)/C#N)S%13)CC(CC)CCCC)=C%12)C=C1
IHIC-N,CCCCCCCCC1(C2=C(C3=C4C(C5=C(C=C4)C(CCCCCCCC)(CCCCCCCC)C6=C5SC(/C=C(C(C7=C8C=CC=C7)=O)/C8=C(C#N)\C#N)=C6)=CC=C31)SC(/C=C(C(C9=C%10C=CC=C9)=O)/C%10=C(C#N)\C#N)=C2)CCCCCCCC
INIC,CCCCCCC1=CC=C(C(C2=CC=C(C=C2)CCCCCC)(C3=C4C=C(C5=C3)C(C6=CC=C(C=C6)CCCCCC)(C7C5SC8=C7SC9=C8SC(/C=C(C(C%10=C%11C=CC=C%10)=O)/C%11=C(C#N)\C#N)=C9)C%12=CC=C(C=C%12)CCCCCC)C%13C4SC%14=C%13SC%15=C%14SC(/C=C(C(C%16=C%17C=CC=C%16)=O)/C%17=C(C#N)\C#N)=C%15)C=C1
INIC1,CCCCCCC1=CC=C(C(C2=CC=C(C=C2)CCCCCC)(C3=C4C=C(C5=C3)C(C6=CC=C(C=C6)CCCCCC)(C7C5SC8=C7SC9=C8SC(/C=C(C(C%10=C%11C=CC=C%10F)=O)/C%11=C(C#N)\C#N)=C9)C%12=CC=C(C=C%12)CCCCCC)C%13C4SC%14=C%13SC%15=C%14SC(/C=C(C(C%16=C%17C=CC=C%16F)=O)/C%17=C(C#N)\C#N)=C%15)C=C1
INIC2,CCCCCCC1=CC=C(C(C2=CC=C(C=C2)CCCCCC)(C3=C4C=C(C5=C3)C(C6=CC=C(C=C6)CCCCCC)(C7C5SC8=C7SC9=C8SC(/C=C(C(C%10=C%11C=C(F)C=C%10)=O)/C%11=C(C#N)\C#N)=C9)C%12=CC=C(C=C%12)CCCCCC)C%13C4SC%14=C%13SC%15=C%14SC(/C=C(C(C%16=C%17C=C(F)C=C%16)=O)/C%17=C(C#N)\C#N)=C%15)C=C1
TT-OBAR,CCCCCCCCN(C(N1CCCCCCCC)=O)C(C(C1=O)=CC2=CC=C(C3=CC=C(C=C(C4=O)C(N(C(N4CCCCCCCC)=O)CCCCCCCC)=O)S3)S2)=O
INIC3,CCCCCCC1=CC=C(C(C2=CC=C(C=C2)CCCCCC)(C3=C4C=C(C5=C3)C(C6=CC=C(C=C6)CCCCCC)(C7C5SC8=C7SC9=C8SC(/C=C(C(C%10=C%11C=C(F)C(F)=C%10)=O)/C%11=C(C#N)\C#N)=C9)C%12=CC=C(C=C%12)CCCCCC)C%13C4SC%14=C%13SC%15=C%14SC(/C=C(C(C%16=C%17C=C(F)C(F)=C%16)=O)/C%17=C(C#N)\C#N)=C%15)C=C1
ITIC,CCCCCCC1=CC=C(C(C2=CC=C(C=C2)CCCCCC)(C3=C4C=C(C5=C3)C(C6=CC=C(C=C6)CCCCCC)(C7C5SC8=C7SC(/C=C(C(C9=C%10C=CC=C9)=O)/C%10=C(C#N)\C#N)=C8)C%11=CC=C(C=C%11)CCCCCC)C%12C4SC%13=C%12SC(/C=C(C(C%14=C%15C=CC=C%14)=O)/C%15=C(C#N)\C#N)=C%13)C=C1
ITIC-OE,COCCOCC1=CC=C(C(C2=CC=C(C=C2)COCCOC)(C3=C4C=C(C5=C3)C(C6=CC=C(C=C6)COCCOC)(C7C5SC8=C7SC(/C=C(C(C9=C%10C=CC=C9)=O)/C%10=C(C#N)\C#N)=C8)C%11=CC=C(C=C%11)COCCOC)C%12C4SC%13=C%12SC(/C=C(C(C%14=C%15C=CC=C%14)=O)/C%15=C(C#N)\C#N)=C%13)C=C1
ITIC-SC6,O=C1C2=C(C(/C1=C/C3=CC4=C(S3)C(C5S4)C(C6=CC=C(C=C6)SCCCCCC)(C7=CC=C(C=C7)SCCCCCC)C(C5=C8)=CC9=C8C(C%10C9SC%11=C%10SC(/C=C(C(C%12=C%13C=CC=C%12)=O)/C%13=C(C#N)\C#N)=C%11)(C%14=CC=C(C=C%14)SCCCCCC)C%15=CC=C(C=C%15)SCCCCCC)=C(C#N)/C#N)C=CC=C2
ITIC-SC8,O=C1C2=C(C(/C1=C/C3=CC4=C(S3)C(C5S4)C(C6=CC=C(C=C6)SCCCCCCCC)(C7=CC=C(C=C7)SCCCCCCCC)C(C5=C8)=CC9=C8C(C%10C9SC%11=C%10SC(/C=C(C(C%12=C%13C=CC=C%12)=O)/C%13=C(C#N)\C#N)=C%11)(C%14=CC=C(C=C%14)SCCCCCCCC)C%15=CC=C(C=C%15)SCCCCCCCC)=C(C#N)/C#N)C=CC=C2
ITIC-SC2C6,O=C1C2=C(C(/C1=C/C3=CC4=C(S3)C(C5S4)C(C6=CC=C(C=C6)SCC(CC)CCCCCC)(C7=CC=C(C=C7)SCC(CC)CCCCCC)C(C5=C8)=CC9=C8C(C%10C9SC%11=C%10SC(/C=C(C(C%12=C%13C=CC=C%12)=O)/C%13=C(C#N)\C#N)=C%11)(C%14=CC=C(C=C%14)SCC(CC)CCCCCC)C%15=CC=C(C=C%15)SCC(CCCCCC)CCC)=C(C#N)/C#N)C=CC=C2
IEICO,O=C1C2=C(C(/C1=C/C3=CC(OCC(CC)CCCC)=C(C4=CC(C5S4)C(C6=CC=C(C=C6)CCCCCC)(C7=CC=C(C=C7)CCCCCC)C(C5=C8)=CC9=C8C(C%10C9SC(C%11=C(C=C(/C=C(C(C%12=C%13C=CC=C%12)=O)/C%13=C(C#N)\C#N)S%11)OCC(CC)CCCC)=C%10)(C%14=CC=C(C=C%14)CCCCCC)C%15=CC=C(C=C%15)CCCCCC)S3)=C(C#N)/C#N)C=CC=C2
m-ITIC,O=C1C2=C(C(/C1=C/C3=CC4=C(S3)C(C5S4)C(C6=CC(CCCCCC)=CC=C6)(C7=CC(CCCCCC)=CC=C7)C(C5=C8)=CC9=C8C(C%10C9SC%11=C%10SC(/C=C(C(C%12=C%13C=CC=C%12)=O)/C%13=C(C#N)\C#N)=C%11)(C%14=CC=CC(CCCCCC)=C%14)C%15=CC=CC(CCCCCC)=C%15)=C(C#N)/C#N)C=CC=C2
m-ITIC-OR,O=C1C2=C(C(/C1=C/C3=CC(S4)=C(S3)C5C4C6=CC(C(C7=CC=CC(OCCCCCCCC)=C7)(C8C9SC%10=C8SC(/C=C(C(C%11=C%12C=CC=C%11)=O)/C%12=C(C#N)\C#N)=C%10)C%13=CC=CC(OCCCCCCCC)=C%13)=C9C=C6C(C%14=CC(OCCCCCCCC)=CC=C%14)5C%15=CC(OCCCCCCCC)=CC=C%15)=C(C#N)/C#N)C=CC=C2
FTTB,CCCCCCCCC1(C2=C(C3=CC=C(C4=CC=C(/C=C(C5=O)/C(N(C(N5CC)=O)CC)=O)S4)C=C31)C=CC(C6=CC=C(/C=C(C7=O)/C(N(C(N7CC)=O)CC)=O)S6)=C2)CCCCCCCC
IDT(DCV)2,CCCCCCC1=CC=C(C(C2=CC=C(C=C2)CCCCCC)(C3=C4C=C(C5=C3)C(C6=CC=C(C=C6)CCCCCC)(C7C5SC(C=C(C#N)C#N)=C7)C8=CC=C(C=C8)CCCCCC)C9C4SC(C=C(C#N)C#N)=C9)C=C1
IDT(TCV)2,CCCCCCC1=CC=C(C(C2=CC=C(C=C2)CCCCCC)(C3=C4C=C(C5=C3)C(C6=CC=C(C=C6)CCCCCC)(C7C5SC(/C(C#N)=C(C#N)/C#N)=C7)C8=CC=C(C=C8)CCCCCC)C9C4SC(/C(C#N)=C(C#N)/C#N)=C9)C=C1
NFBDT,O=C1C2=C(C(/C1=C/C3=CC4=C(S3)C(C5C(C6=CC=C(C=C6)CCCCCC)4C7=CC=C(C=C7)CCCCCC)SC(C=C8C9%10)=C5C=C8SC9C(SC(/C=C(C(C%11=C%12C=CC=C%11)=O)/C%12=C(C#N)\C#N)=C%13)=C%13C%10(C%14=CC=C(C=C%14)CCCCCC)C%15=CC=C(C=C%15)CCCCCC)=C(C#N)/C#N)C=CC=C2
NIDBT,O=C1C2=C(C(/C1=C/C3=CC4=CC(C(C5=CC=C(C=C5)CCCCCC)(C6=CC=C(C=C6)CCCCCC)C(C7=C8)=CC9=C8C(C%10=C9C=C%11C(C=C(/C=C(C(C%12=C%13C=CC=C%12)=O)/C%13=C(C#N)\C#N)S%11)=C%10)(C%14=CC=C(C=C%14)CCCCCC)C%15=CC=C(C=C%15)CCCCCC)=C7C=C4S3)=C(C#N)/C#N)C=CC=C2
NTIC,O=C1C2=C(C(/C1=C/C3=CC4=C(S3)C(C5=CC=C(C(C6=CC=C(C=C6)CCCCCC)(C7=C8SC(/C=C(C(C9=C%10C=CC=C9)=O)/C%10=C(C#N)\C#N)=C7)C%11=CC=C(C=C%11)CCCCCC)C8=C5C=C%12)=C%12C4(C%13=CC=C(C=C%13)CCCCCC)C%14=CC=C(C=C%14)CCCCCC)=C(C#N)/C#N)C=CC=C2
IDT-2BM,CCCCCCC1=CC=C(C(C2=CC=C(C=C2)CCCCCC)(C3=C4C=C(C5=C3)C(C6=CC=C(C=C6)CCCCCC)(C7C5SC(C8=CC=C(C=C(C#N)C#N)C9=NSN=C89)=C7)C%10=CC=C(C=C%10)CCCCCC)C%11C4SC(C%12=CC=C(/C=C(C#N)\C#N)C%13=NSN=C%12%13)=C%11)C=C1
IDTT-2BM,CCCCCCC1=CC=C(C(C2=CC=C(C=C2)CCCCCC)(C3=C4C=C(C5=C3)C(C6=CC=C(C=C6)CCCCCC)(C7C5SC8=C7SC(C9=CC=C(C=C(C#N)C#N)C%10=NSN=C9%10)=C8)C%11=CC=C(C=C%11)CCCCCC)C%12C4SC%13=C%12SC(C%14=CC=C(/C=C(C#N)\C#N)C%15=NSN=C%14%15)=C%13)C=C1
IDT-2DPP,CCCCCCC1=CC=C(C(C2=CC=C(C=C2)CCCCCC)(C3=C4C=C(C5=C3)C(C6=CC=C(C=C6)CCCCCC)(C7C5SC(C8=CC=C(C(S9)=CC=C9C(N(C%10=O)CC(CC)CCCC)=C%11C%10=C(N(C%11=O)CC(CC)CCCC)C%12=CC=CS%12)S8)=C7)C%13=CC=C(C=C%13)CCCCCC)C%14C4SC(C%15=CC=C(C%16=CC=C(S%16)C(N(C%17=O)CC(CC)CCCC)=C%18C%17=C(N(C%18=O)CC(CC)CCCC)C%19=CC=CS%19)S%15)=C%14)C=C1
SJ-IC,CCCCCCC1=CC=C(C(C2=CC=C(C=C2)CCCCCC)(C3=C4C=C(C5=C3)C(C6=CC=C(C=C6)CCCCCC)(C7C5SC(C=C/C=C(C(C8=C9C=CC=C8)=O)\C9=C(C#N)/C#N)=C7)C%10=CC=C(C=C%10)CCCCCC)C%11C4SC(C=C/C=C(C(C%12=C%13C=CC=C%12)=O)/C%13=C(C#N)\C#N)=C%11)C=C1
IDSe-T-IC,O=C1C2=C(C(/C1=C\C3=CC(CC(CC)CCCC)=C(C4=CC(C5[Se]4)C(C6=CC=C(C=C6)CCCCCC)(C7=C5C=C(C8=C7)C(C9=CC=C(C=C9)CCCCCC)(C%10C8[Se]C(C%11=C(C=C(C=C(C(C%12=C/%13C=CC=C%12)=O)C%13=C(C#N)/C#N)S%11)CC(CC)CCCC)=C%10)C%14=CC=C(C=C%14)CCCCCC)C%15=CC=C(C=C%15)CCCCCC)S3)=C(C#N)/C#N)C=CC=C2
IDT-IC,O=C1C2=C(C(/C1=C/C3=CC(C4S3)C(C5=CC=C(C=C5)CCCCCC)(C6=C4C=C(C7=C6)C(C8=CC=C(C=C8)CCCCCC)(C9C7SC(/C=C(C(C%10=C%11C=CC=C%10)=O)\C%11=C(C#N)/C#N)=C9)C%12=CC=C(C=C%12)CCCCCC)C%13=CC=C(C=C%13)CCCCCC)=C(C#N)/C#N)C=CC=C2
ITIC-Th1,O=C1C2=C(C(/C1=C/C3=CC4=C(S3)C(C5S4)C(C6=CC=C(S6)CCCCCC)(C7=C5C=C(C8=C7)C(C9=CC=C(S9)CCCCCC)(C%10C8SC%11=C%10SC(/C=C(C(C%12=C%13C=C(F)C=C%12)=O)\C%13=C(C#N)/C#N)=C%11)C%14=CC=C(S%14)CCCCCC)C%15=CC=C(S%15)CCCCCC)=C(C#N)/C#N)C=C(F)C=C2
EBB,CCN(C(N1CC)=O)C(C(C1=O)=CC2=CC=C(C3=CC=C(/C=C(C4=O)\C(N(C(N4CC)=O)CC)=O)S3)S2)=O
DBS-2DPP,CCC(C[Si]1(C2=C(C3=CC=C(C4=CC=C(S4)C(N(C5=O)CC(CC)CCCC)=C6C5=C(N(C6=O)CC(CC)CCCC)C7=CC=CS7)C=C31)C=CC(C8=CC=C(S8)C(N(C9=O)CC(CC)CCCC)=C%10C9=C(N(C%10=O)CC(CC)CCCC)C%11=CC=CS%11)=C2)CC(CC)CCCC)CCCC
IDTCN,CCCCCCC1=CC=C(C(C2=CC=C(C=C2)CCCCCC)(C3=C4C=C(C5=C3)C(C6=CC=C(C=C6)CCCCCC)(C7C5SC(C=C(C(C8=CSC=C8/9)=O)C9=C(C#N)/C#N)=C7)C%10=CC=C(C=C%10)CCCCCC)C%11C4SC(/C=C(C(C%12=CSC=C%12%13)=O)/C%13=C(C#N)\C#N)=C%11)C=C1
IDTzCR,CCCCCCC1=CC=C(C(C2=CC=C(C=C2)CCCCCC)(C3=C4C=C(C5=C3)C(C6=CC=C(C=C6)CCCCCC)(C7C5SC(C8=NC=C(/C=C(C9=O)\S/C(N9CC)=C(C#N)\C#N)S8)=C7)C%10=CC=C(C=C%10)CCCCCC)C%11C4SC(C%12=NC=C(/C=C(C%13=O)/S/C(N%13CC)=C(C#N)\C#N)S%12)=C%11)C=C1
BTD-CN,CCCCCCCCC1=C(C2=CC=C(C=C2)C#N)SC(C3=CC=C(C4=CC(CCCCCCCC)=C(C5=CC=C(C=C5)C#N)S4)C6=NSN=C36)=C1
F-F,CCCCCCCCC1(CCCCCCCC)C2=C(C=C(C(C3=C4SC(/C=C(/C5=C(C#N)/C#N)C(C6=C5C=C(F)C=C6)=O)=C3)(CCCCCCCC)CCCCCCCC)C4=C2)C7=CC8=C(C9=C(C=C(S9)/C=C(/C%10=C(C#N)\C#N)C(C%11=C%10C=C(F)C=C%11)=O)C8(CCCCCCCC)CCCCCCCC)C=C71
IDTN,CCCCCCC1=CC=C(C(C2=CC=C(C=C2)CCCCCC)(C3=C4C=C(C5=C3)C(C6=CC=C(C=C6)CCCCCC)(C7C5SC(/C=C(C(C8=C9C=C%10C(C=CC=C%10)=C8)=O)\C9=C(C#N)/C#N)=C7)C%11=CC=C(C=C%11)CCCCCC)C%12C4SC(/C=C(C(C%13=C%14C=C%15C(C=CC=C%15)=C%13)=O)\C%14=C(C#N)/C#N)=C%12)C=C1
IDTT-BH,O=C1C2=C(C(/C1=C/C3=CC4=C(S3)C(C5S4)C(C6=CC=C(C=C6)CC(CCCCCC)CCCC)(C7=C5C=C(C8=C7)C(C9=CC=C(C=C9)CC(CCCCCC)CCCC)(C%10C8SC%11=C%10SC(/C=C(C(C%12=C%13C=C%14C(C=CC=C%14)=C%12)=O)\C%13=C(C#N)/C#N)=C%11)C%15=CC=C(C=C%15)CC(CCCCCC)CCCC)C%16=CC=C(C=C%16)CC(CCCCCC)CCCC)=C(C#N)/C#N)C=C%17C(C=CC=C%17)=C2
IDTT-OBH,O=C1C2=C(C(/C1=C/C3=CC4=C(S3)C(C5S4)C(C6=CC=C(OCC(CCCCCC)CCCC)C=C6)(C7=C5C=C(C8=C7)C(C9=CC=C(OCC(CCCCCC)CCCC)C=C9)(C%10C8SC%11=C%10SC(/C=C(C(C%12=C%13C=C%14C(C=CC=C%14)=C%12)=O)\C%13=C(C#N)/C#N)=C%11)C%15=CC=C(OCC(CCCCCC)CCCC)C=C%15)C%16=CC=C(OCC(CCCCCC)CCCC)C=C%16)=C(C#N)/C#N)C=C%17C(C=CC=C%17)=C2
IDTT-T,CCCCCCC1=CC=C(C=C1)C(C2=C3C=C(C(C4C5SC6=C4SC(/C=C(C(N(CC)C(N7CC)=S)=O)\C7=O)=C6)(C8=CC=C(C=C8)CCCCCC)C9=CC=C(C=C9)CCCCCC)C5=C2)(C%10C3SC%11=C%10SC(/C=C(C(N(CC)C(N%12CC)=S)=O)\C%12=O)=C%11)C%13=CC=C(C=C%13)CCCCCC
ITIC-2F,CCCCCCC1=CC=C(C=C1)C(C2=C3C=C(C(C4C5SC6=C4SC(/C=C(/C7=C(C#N)\C#N)C(C8=C7C=C(F)C=C8)=O)=C6)(C9=CC=C(CCCCCC)C=C9)C%10=CC=C(CCCCCC)C=C%10)C5=C2)(C%11C3SC%12=C%11SC(/C=C(/C%13=C(C#N)\C#N)C(C%14=C%13C=C(F)C=C%14)=O)=C%12)C%15=CC=C(CCCCCC)C=C%15
BTD-CF,CCCCCCCCC1=C(C2=CC=C(C=C2)C(F)(F)F)SC(C3=CC=C(C4=CC(CCCCCCCC)=C(C5=CC=C(C=C5)C(F)(F)F)S4)C6=NSN=C36)=C1
IDTC,CCCCCCC1=CC=C(C(C2=CC=C(C=C2)CCCCCC)(C3=C4C=C(C5=C3)C(C6=CC=C(C=C6)CCCCCC)(C7C5SC(C8=C(C=C(/C=C(C(C9=CSC=C9%10)=O)/C%10=C(C#N)\C#N)S8)CC(CC)CCCC)=C7)C%11=CC=C(C=C%11)CCCCCC)C%12C4SC(C%13=C(C=C(/C=C(C(C%14=CSC=C%14%15)=O)/C%15=C(C#N)\C#N)S%13)CC(CC)CCCC)=C%12)C=C1
FOIC,CCCCCCC1=CC=C(C2(C3=C(C4=C2C(SC5=C6C(C7=CC=C(C=C7)CCCCCC)(C8=CC=C(C=C8)CCCCCC)C9=C5SC%10=C9SC(C=C(C(C%11=C/%12C=C(F)C=C%11)=O)C%12=C(C#N)/C#N)=C%10)=C6S4)SC%13=C3SC(C=C(C(C%14=C/%15C=C(F)C=C%14)=O)C%15=C(C#N)/C#N)=C%13)C%16=CC=C(C=C%16)CCCCCC)C=C1
NFBDT-F,O=C1C2=C(/C(C1=CC3=CC4=C(S3)C(C5C(C6=CC=C(C=C6)CCCCCC)4C7=CC=C(C=C7)CCCCCC)SC(C=C8C9%10)=C5C=C8SC9C(SC(/C=C(C(C%11=C%12C=C(F)C=C%11)=O)/C%12=C(C#N)\C#N)=C%13)=C%13C%10(C%14=CC=C(C=C%14)CCCCCC)C%15=CC=C(C=C%15)CCCCCC)=C(C#N)/C#N)C=C(F)C=C2
NTIC-F,O=C1C2=C(/C(C1=CC3=CC4=C(S3)C(C5=CC=C(C(C6=CC=C(C=C6)CCCCCC)(C7=C8SC(/C=C(C(C9=C%10C=C(F)C=C9)=O)/C%10=C(C#N)\C#N)=C7)C%11=CC=C(C=C%11)CCCCCC)C8=C5C=C%12)=C%12C4(C%13=CC=C(C=C%13)CCCCCC)C%14=CC=C(C=C%14)CCCCCC)=C(C#N)/C#N)C=C(F)C=C2
IOTIC-2F,O=C1C2=C(C=C(C=C2)F)C(/C1=C/C3=CC(OCC(CCCC)CC)=C(S3)C4=CC(C(C5=CC=C(CCCCCC)C=C5)(C6=CC7=C(C(C8=CC=C(CCCCCC)C=C8)(C9=CC=C(CCCCCC)C=C9)C%10C7SC(C%11=C(OCC(CCCC)CC)C=C(S%11)/C=C(/C%12=C(C#N)\C#N)C(C%13=C%12C=C(C=C%13)F)=O)=C%10)C=C6%14)C%15=CC=C(CCCCCC)C=C%15)C%14S4)=C(C#N)/C#N
ITOTIC-2F,O=C1C2=C(C(/C1=C/C3=CC(OCC(CC)CCCC)=C(C4=CC5=C(S4)C(C6S5)C(C7=CC=C(C=C7)CCCCCC)(C8=C6C=C(C(C9C%10SC%11=C9SC(C%12=C(C=C(/C=C(C(C%13=C%14C=C(F)C=C%13)=O)/C%14=C(C#N)\C#N)S%12)OCC(CC)CCCC)=C%11)(C%15=CC=C(C=C%15)CCCCCC)C%16=CC=C(C=C%16)CCCCCC)C%10=C8)C(C=C%17)=CC=C%17CCCCCC)S3)=C(C#N)/C#N)C=C(F)C=C2
NOBDT,CCCCCCC1=CC=C(C2(C3=C(C4SC5=C(C6=C(C(OCCCCCCCC)=C5C42)SC7C6C(C8=CC=C(C=C8)CCCCCC)(C9=C7SC(/C=C(C(C%10=C%11C=C(F)C=C%10)=O)\C%11=C(C#N)/C#N)=C9)C%12=CC=C(C=C%12)CCCCCC)OCCCCCCCC)SC(/C=C(C(C%13=C%14C=C(F)C=C%13)=O)/C%14=C(C#N)\C#N)=C3)C%15=CC=C(C=C%15)CCCCCC)C=C1
ITIC-Th2,CCCCCCC1=CC=C(C(C2=CC=C(S2)CCCCCC)(C3=C4C=C(C5=C3)C(C6=CC=C(S6)CCCCCC)(C7C5SC8=C7SC(/C=C(C(C9=C%10C=C(F)C(F)=C9)=O)/C%10=C(C#N)\C#N)=C8)C%11=CC=C(S%11)CCCCCC)C%12C4SC%13=C%12SC(/C=C(C(C%14=C%15C=C(F)C(F)=C%14)=O)/C%15=C(C#N)\C#N)=C%13)S1
3TT-FIC,CCC(CC1=CC=C(C2(C3=C(C4=C2C(SC(C=C(C(C5=C/6C=C(F)C(F)=C5)=O)C6=C(C#N)/C#N)=C7)=C7S4)SC8=C3SC9=C8C(C%10=CC=C(C=C%10)CC(CC)CCCCCC)(C%11=C9SC%12=C%11C=C(/C=C(C(C%13=C%14C=C(F)C(F)=C%13)=O)\C%14=C(C#N)/C#N)S%12)C%15=CC=C(C=C%15)CC(CC)CCCCCC)C%16=CC=C(C=C%16)CC(CC)CCCCCC)C=C1)CCCCCC
BTP-4F,CCC(CN1C2=C(C3=C1C4=C(C5=NSN=C35)C(SC6=C7SC(/C=C(C(C8=C9C=C(F)C(F)=C8)=O)\C9=C(C#N)/C#N)=C6CCCCCCCCCCC)=C7N4CC(CC)CCCC)SC%10=C2SC(/C=C(C(C%11=C%12C=C(F)C(F)=C%11)=O)\C%12=C(C#N)/C#N)=C%10CCCCCCCCCCC)CCCC
DTPC-DFIC,CCCCCCC(CN1C2=CC3=C4C5=C2C6=C7C8=C(C(C9=CC=C(C=C9)CCCCCC)(C%10C(SC(/C=C(C(C%11=C%12C=C(F)C(F)=C%11)=O)\C%12=C(C#N)/C#N)=C%10)=C8C=C61)C%13=CC=C(C=C%13)CCCCCC)C=CC7=C5CC=C4C(C%14=CC=C(C=C%14)CCCCCC)(C%15=C3SC(C=C(C(C%16=C/%17C=C(F)C(F)=C%16)=O)C%17=C(C#N)/C#N)=C%15)C%18=CC=C(C=C%18)CCCCCC)CCCCCCCC
ITCC,CCCCCCC1=CC=C(C=C1)C(C2=C3C=C(C(C4C5SC6=C4SC(/C=C(C(C7=C8C=CS7)=O)\C8=C(C#N)/C#N)=C6)(C9=CC=C(C=C9)CCCCCC)C%10=CC=C(C=C%10)CCCCCC)C5=C2)(C%11C3SC%12=C%11SC(/C=C(C(C%13=C%14C=CS%13)=O)/C%14=C(C#N)\C#N)=C%12)C%15=CC=C(C=C%15)CCCCCC
ITCPTC-Th,O=C1C2=CSC=C2C(/C1=C/C3=CC4=C(C(C(C5=C6C=C(C7=C5)C(C8=CC=C(S8)CCCCCC)(C9=CC=C(S9)CCCCCC)C%10C7SC%11=C%10SC(/C=C%12C(C%13=CSC=C%13C\%12=C(C#N)\C#N)=O)=C%11)(C%14=CC=C(S%14)CCCCCC)C%15=CC=C(S%15)CCCCCC)C6S4)S3)=C(C#N)/C#N
ITCPTC-Se,O=C1C2=CSC=C2C(/C1=C/C3=CC4=C(C(C(C5=C6C=C(C7=C5)C(C8=CC=C([Se]8)CCCCCC)(C9=CC=C([Se]9)CCCCCC)C%10C7SC%11=C%10SC(/C=C%12C(C%13=CSC=C%13C\%12=C(C#N)\C#N)=O)=C%11)(C%14=CC=C([Se]%14)CCCCCC)C%15=CC=C([Se]%15)CCCCCC)C6S4)S3)=C(C#N)/C#N
F6IC,O=C1C2=C(C(/C1=C/C3=CC(C4(C5=CC=C(C=C5)CCCCCC)C6=CC=C(C=C6)CCCCCC)=C(C7=C4C(SC8=C9C(C%10=CC=C(C=C%10)CCCCCC)(C%11=CC=C(C=C%11)CCCCCC)C%12=C8SC(/C=C(C(C%13=C%14C=C(F)C(F)=C%13)=O)/C%14=C(C#N)\C#N)=C%12)=C9S7)S3)=C(C#N)/C#N)C=C(F)C(F)=C2
F8IC,O=C1C2=C(C(/C1=C/C3=CC4=C(S3)C(C5(C6=CC=C(C=C6)CCCCCC)C7=CC=C(C=C7)CCCCCC)=C(C8=C5C(SC9=C%10C(C%11=CC=C(C=C%11)CCCCCC)(C%12=CC=C(C=C%12)CCCCCC)C%13=C9SC%14=C%13SC(/C=C(C(C%15=C%16C=C(F)C(F)=C%15)=O)/C%16=C(C#N)\C#N)=C%14)=C%10S8)S4)=C(C#N)/C#N)C=C(F)C(F)=C2
F10IC,O=C1C2=C(C(/C1=C/C3=CC4=C(S3)C5=C(S4)C(C6(C7=CC=C(C=C7)CCCCCC)C8=CC=C(C=C8)CCCCCC)=C(C9=C6C(SC%10=C%11C(C%12=CC=C(C=C%12)CCCCCC)(C%13=CC=C(C=C%13)CCCCCC)C%14=C%10SC%15=C%14SC%16=C%15SC(/C=C(C(C%17=C%18C=C(F)C(F)=C%17)=O)/C%18=C(C#N)\C#N)=C%16)=C%11S9)S5)=C(C#N)/C#N)C=C(F)C(F)=C2
IDT2Se-4F,O=C1C2=C(C(/C1=C/C3=CC=C(C4=CC(C5S4)C(C6=CC=C(C=C6)CCCCCC)(C7=C5C=C(C8=C7)C(C9=CC=C(C=C9)CCCCCC)(C%10C8SC(C%11=CC=C(/C=C(C(C%12=C%13C=C(F)C(F)=C%12)=O)/C%13=C(C#N)\C#N)[Se]%11)=C%10)C%14=CC=C(C=C%14)CCCCCC)C%15=CC=C(C=C%15)CCCCCC)[Se]3)=C(C#N)/C#N)C=C(F)C(F)=C2
IDTO,CCCCCCC1=CC=C(C(C2=CC=C(C=C2)CCCCCC)(C3=C4C=C(C5=C3)C(C6=CC=C(C=C6)CCCCCC)(C7C5SC(C8=C(C=C(/C=C(C(C9=CSC=C9%10)=O)/C%10=C(C#N)\C#N)S8)OCC(CC)CCCC)=C7)C%11=CC=C(C=C%11)CCCCCC)C%12C4SC(C%13=C(C=C(/C=C(C(C%14=CSC=C%14%15)=O)/C%15=C(C#N)\C#N)S%13)OCC(CC)CCCC)=C%12)C=C1
IOIC2,CCCCCCC1=C2C(C3=C(S2)C(SC(/C=C(C(C4=C5C=C(F)C(F)=C4)=O)/C5=C(C#N)\C#N)=C6)=C6C3(C7=CC=C(C=C7)CCCCCC)C8=CC=C(C=C8)CCCCCC)=C9C(C%10=C(C(CCCCCC)=C9)SC%11=C%10C(C%12=CC=C(C=C%12)CCCCCC)(C%13=C%11SC(/C=C(C(C%14=C%15C=C(F)C(F)=C%14)=O)/C%15=C(C#N)\C#N)=C%13)C%16=CC=C(C=C%16)CCCCCC)=C1
IHIC2,O=C1C2=C(C(/C1=C/C3=CC4=C(S3)C(C5=CC=C(C(C6=CC=C(C=C6)CCCCCC)(C7=C8SC(/C=C(C(C9=C%10C=C(F)C(F)=C9)=O)/C%10=C(C#N)\C#N)=C7)C%11=CC=C(C=C%11)CCCCCC)C8=C5C=C%12)=C%12C4(C%13=CC=C(C=C%13)CCCCCC)C%14=CC=C(C=C%14)CCCCCC)=C(C#N)/C#N)C=C(F)C(F)=C2
i-IEICO-4F,CCCCCCC1=CC=C(C(C2=CC=C(C=C2)CCCCCC)(C3=C4C=C(C5=C3)C(C6=CC=C(C=C6)CCCCCC)(C7C5SC(C8=C(C=C(/C=C(C(C9=C%10C=C(F)C(F)=C9)=O)/C%10=C(C#N)\C#N)S8)OCC(CC)CCCC)=C7)C%11=CC=C(C=C%11)CCCCCC)C%12C4SC(C%13=C(C=C(/C=C(C(C%14=C%15C=C(F)C(F)=C%14)=O)/C%15=C(C#N)\C#N)S%13)OCC(CC)CCCC)=C%12)C=C1
ITIC-4F,CCCCCCC1=CC=C(C(C2=CC=C(C=C2)CCCCCC)(C3=C4C=C(C5=C3)C(C6=CC=C(C=C6)CCCCCC)(C7C5SC8=C7SC(/C=C(C(C9=C%10C=CC=C9)=O)/C%10=C(C#N)\C#N)=C8)C%11=CC=C(C=C%11)CCCCCC)C%12C4SC%13=C%12SC(/C=C(C(C%14=C%15C=CC=C%14)=O)/C%15=C(C#N)\C#N)=C%13)C=C1
COTIC-4F,O=C1C2=C(C(/C1=C/C3=CC(OCC(CC)CCCC)=C(C4=CC5=C(S4)C(SC(C6=C(C=C(/C=C(C(C7=C8C=C(F)C(F)=C7)=O)/C8=C(C#N)\C#N)S6)OCC(CC)CCCC)=C9)=C9C(CC(CC)CCCC)5CC(CCCC)CC)S3)=C(C#N)/C#N)C=C(F)C(F)=C2
IEICO-4F,CCCCCCC(C=C1)=CC=C1C(C2C3SC=C2)(C4=CC=C(CCCCCC)C=C4)C5=C3C=C(C(C6=CC=C(CCCCCC)C=C6)(C7=CC=C(CCCCCC)C=C7)C8C9SC=C8)C9=C5
NITI,CCC(CC1(C2=C(C3=C1C=C(C4=C5SC(CCCCCCCC)=CC5=C(/C=C(C(C6=C7C=C(F)C(F)=C6)=O)\C7=C(C#N)/C#N)S4)C=C3)C(CC(CC)CCCCCC)(C8=C2C=CC(C9=C%10SC(CCCCCCCC)=CC%10=C(/C=C(C(C%11=C%12C=C(F)C(F)=C%11)=O)\C%12=C(C#N)/C#N)S9)=C8)CC(CC)CCCCCC)CC(CC)CCCCCC)CCCCCC
SiOTIC-4F,O=C1C2=C(C(/C1=C\C3=CC(OCC(CC)CCCC)=C(C(C=C45)=CC=C4C(C=CC(C6=C(C=C(/C=C(C(C7=C8C=C(F)C(F)=C7)=O)\C8=C(C#N)/C#N)S6)OCC(CC)CCCC)=C9)=C9[Si]5(CC(CC)CCCC)CC(CCCC)CC)S3)=C(C#N)/C#N)C=C(F)C(F)=C2
Y6,FC(C(F)=C1[H])=C([H])C2=C1C(C(/C2=C(C#N)\C#N)=C([H])\C3=C(C([H])([H])C([H])([H])C([H])([H])C([H])([H])C([H])([H])C([H])([H])C([H])([H])C([H])([H])C([H])([H])C([H])([H])C([H])([H])[H])C(S4)=C(S3)C5=C4C(C6=NSN=C6C(C7=C8C(SC(/C([H])=C(C9=O)/C(C%10=C9C([H])=C(C(F)=C%10[H])F)=C(C#N)/C#N)=C%11C([H])([H])C([H])([H])C([H])([H])C([H])([H])C([H])([H])C([H])([H])C([H])([H])C([H])([H])C([H])([H])C([H])([H])C([H])([H])[H])=C%11S7)=C%12N8C([H])([H])[C@](C([H])([H])C([H])([H])C([H])([H])C([H])([H])[H])([H])C([H])([H])C([H])([H])[H])=C%12N5C([H])([H])[C@@](C([H])([H])C([H])([H])[H])([H])C([H])([H])C([H])([H])C([H])([H])C([H])([H])[H])=O
CTIC-4F,O=C1C2=C(C(/C1=C\C3=CC(CC(CC)CCCC)=C(C4=CC(C(CC(CC)CCCC)(C5=C6SC(C7=C(C=C(/C=C(C(C8=C9C=C(F)C(F)=C8)=O)\C9=C(C#N)/C#N)S7)CC(CC)CCCC)=C5)CC(CCCC)CC)=C6S4)S3)=C(C#N)/C#N)C=C(F)C(F)=C2
BTPT-4F,CCCCC(CN1C2=C(C3=C1C4=C(C5=NSN=C35)C(SC(/C=C(C(C6=C7C=C(F)C(F)=C6)=O)/C7=C(C#N)\C#N)=C8)=C8N4CC(CCCC)CCCCCC)SC(/C=C(C(C9=C%10C=C(F)C(F)=C9)=O)/C%10=C(C#N)\C#N)=C2)CCCCCC
NFDTS,O=C1C2=C(C(/C1=C/C3=CC4=C(S3)C(SC5=C6SC7=C5[Si](CCCCCCCC)(C8=C7SC(/C=C(C(C9=C%10C=C(F)C(F)=C9)=O)/C%10=C(C#N)\C#N)=C8)CCCCCCCC)=C6[Si](CCCCCCCC)4CCCCCCCC)=C(C#N)/C#N)C=C(F)C(F)=C2
ITTC,CCCCCCC1=CC=C(C=C1)C(C2=C3C=C(C(C4C5SC6=C4SC(/C=C(C(C7=CSC=C78)=O)/C8=C(C#N)\C#N)=C6)(C9=CC=C(C=C9)CCCCCC)C%10=CC=C(C=C%10)CCCCCC)C5=C2)(C%11C3SC%12=C%11SC(/C=C(C(C%13=CSC=C%13%14)=O)/C%14=C(C#N)\C#N)=C%12)C%15=CC=C(C=C%15)CCCCCC
NFDTSB,O=C1C2=C(C(/C1=C/C3=CC4=C(S3)C(C5[Si](CCCCCCCC)4CCCCCCCC)SC6=C5C(OCC(CC)CCCCCC)=C(SC7C8[Si](CCCCCCCC)(C9=C7SC(/C=C(C(C%10=C%11C=C(F)C(F)=C%10)=O)/C%11=C(C#N)\C#N)=C9)CCCCCCCC)C8=C6OCC(CCCCCC)CC)=C(C#N)/C#N)C=C(F)C(F)=C2
ITIC-Th3,CCCCCCC1=CC=C(C(C2=CC=C(S2)CCCCCC)(C3=C4C=C(C5=C3)C(C6=CC=C(S6)CCCCCC)(C7C5SC8=C7SC(/C=C(C(C9=C%10C=C(OC)C=C9)=O)/C%10=C(C#N)\C#N)=C8)C%11=CC=C(S%11)CCCCCC)C%12C4SC%13=C%12SC(/C=C(C(C%14=C%15C=C(OC)C=C%14)=O)/C%15=C(C#N)\C#N)=C%13)S1
BT-CIC,CCCCCCC1=CC=C(OC2=C3C(SC4C3C(C5=CC=C(C=C5)CCCCCC)(C6=C4SC(/C=C(C(C7=C8C=C(Cl)C(Cl)=C7)=O)/C8=C(C#N)\C#N)=C6)C9=CC=C(C=C9)CCCCCC)=C(C%10=C2SC%11C%10C(C%12=CC=C(C=C%12)CCCCCC)(C%13=C%11SC(/C=C(C(C%14=C%15C=C(Cl)C(Cl)=C%14)=O)/C%15=C(C#N)\C#N)=C%13)C%16=CC=C(C=C%16)CCCCCC)OC%17=CC=C(C=C%17)CCCCCC)C=C1
m-MeIC,CCCCCCC1=CC(C(C2=CC=CC(CCCCCC)=C2)(C3=C4C=C(C5=C3)C(C6=CC(CCCCCC)=CC=C6)(C7C5SC8=C7SC(/C=C(C(C9=C(SC=C9%10)C)=O)/C%10=C(C#N)\C#N)=C8)C%11=CC(CCCCCC)=CC=C%11)C%12C4SC%13=C%12SC(/C=C(C(C%14=C(SC=C%14%15)C)=O)/C%15=C(C#N)\C#N)=C%13)=CC=C1
BTP-4Cl,CCC(CN1C2=C(C3=C1C4=C(C5=NSN=C35)C(SC6=C7SC(/C=C(C(C8=C9C=C(Cl)C(Cl)=C8)=O)/C9=C(C#N)\C#N)=C6CCCCCCCCCCC)=C7N4CC(CC)CCCC)SC%10=C2SC(/C=C(C(C%11=C%12C=C(Cl)C(Cl)=C%11)=O)/C%12=C(C#N)\C#N)=C%10CCCCCCCCCCC)CCCC
F-Cl,CCCCCCCCC1(CCCCCCCC)C2=C(C=C(C(C3=C4SC(/C=C(/C5=C(C#N)/C#N)C(C6=C5C=C(Cl)C=C6)=O)=C3)(CCCCCCCC)CCCCCCCC)C4=C2)C7=CC8=C(C9=C(C=C(S9)/C=C(/C%10=C(C#N)\C#N)C(C%11=C%10C=C(Cl)C=C%11)=O)C8(CCCCCCCC)CCCCCCCC)C=C71
ITIC-2Cl,CCCCCCC1=CC=C(C=C1)C(C2=C3C=C(C(C4C5SC6=C4SC(/C=C(/C7=C(C#N)\C#N)C(C8=C7C=C(Cl)C=C8)=O)=C6)(C9=CC=C(CCCCCC)C=C9)C%10=CC=C(CCCCCC)C=C%10)C5=C2)(C%11C3SC%12=C%11SC(/C=C(/C%13=C(C#N)\C#N)C(C%14=C%13C=C(Cl)C=C%14)=O)=C%12)C%15=CC=C(CCCCCC)C=C%15
F-Br,CCCCCCCCC1(CCCCCCCC)C2=C(C=C(C(C3=C4SC(/C=C(/C5=C(C#N)/C#N)C(C6=C5C=C(Br)C=C6)=O)=C3)(CCCCCCCC)CCCCCCCC)C4=C2)C7=CC8=C(C9=C(C=C(S9)/C=C(/C%10=C(C#N)\C#N)C(C%11=C%10C=C(Br)C=C%11)=O)C8(CCCCCCCC)CCCCCCCC)C=C71
ITIC-2Br,CCCCCCC1=CC=C(C=C1)C(C2=C3C=C(C(C4C5SC6=C4SC(/C=C(/C7=C(C#N)\C#N)C(C8=C7C=C(Br)C=C8)=O)=C6)(C9=CC=C(CCCCCC)C=C9)C%10=CC=C(CCCCCC)C=C%10)C5=C2)(C%11C3SC%12=C%11SC(/C=C(/C%13=C(C#N)\C#N)C(C%14=C%13C=C(Br)C=C%14)=O)=C%12)C%15=CC=C(CCCCCC)C=C%15
F-M,CCCCCCCCC1(CCCCCCCC)C2=C(C=C(C(C3=C4SC(/C=C(/C5=C(C#N)/C#N)C(C6=C5C=C(C)C=C6)=O)=C3)(CCCCCCCC)CCCCCCCC)C4=C2)C7=CC8=C(C9=C(C=C(S9)/C=C(/C%10=C(C#N)\C#N)C(C%11=C%10C=C(C)C=C%11)=O)C8(CCCCCCCC)CCCCCCCC)C=C71
IDT-2B,CCCCCCC1=CC=C(C(C2=CC=C(C=C2)CCCCCC)(C3=C4C=C(C5=C3)C(C6=CC=C(C=C6)CCCCCC)(C7C5SC(/C=C(C(C8=C9C=C(C)C=C8)=O)/C9=C(C#N)\C#N)=C7)C%10=CC=C(C=C%10)CCCCCC)C%11C4SC(/C=C(C(C%12=C%13C=C(C)C=C%12)=O)/C%13=C(C#N)\C#N)=C%11)C=C1
IDT-OB,O=C1C2=C(C(/C1=C/C3=CC(C4S3)C(C5=CC=C(C=C5)CCCCCC)(CCCCCCCC)C(C4=C6)=CC7=C6C(C8C7SC(/C=C(C(C9=C%10C=C(C)C=C9)=O)/C%10=C(C#N)\C#N)=C8)(C%11=CC=C(C=C%11)CCCCCC)CCCCCCCC)=C(C#N)/C#N)C=C(C)C=C2
IDT-2O,O=C1C2=C(C(/C1=C/C3=CC(C4S3)C(CCCCCCCC)(CCCCCCCC)C(C4=C5)=CC6=C5C(C7C6SC(/C=C(C(C8=C9C=C(C)C=C8)=O)/C9=C(C#N)\C#N)=C7)(CCCCCCCC)CCCCCCCC)=C(C#N)/C#N)C=C(C)C=C2
IT-M,CCCCCCC1=CC=C(C=C1)C(C2=C3C=C(C(C4C5SC6=C4SC(/C=C(/C7=C(C#N)\C#N)C(C8=C7C=C(C)C=C8)=O)=C6)(C9=CC=C(CCCCCC)C=C9)C%10=CC=C(CCCCCC)C=C%10)C5=C2)(C%11C3SC%12=C%11SC(/C=C(/C%13=C(C#N)\C#N)C(C%14=C%13C=C(C)C=C%14)=O)=C%12)C%15=CC=C(CCCCCC)C=C%15
PY-1,CCCCCCCCC(N(C1=C2SC(C3=C(C=C(C4=C(C=C(/C=C5C(C)=C(C#N)C(N(C/5=O)CCCC)=O)S4)CCCCCC)S3)CCCCCC)=C1)C6=C2SC(C7=C(C=C(C8=C(C=C(/C=C9C(C)=C(C#N)C(N(C/9=O)CCCC)=O)S8)CCCCCC)S7)CCCCCC)=C6)CCCCCCCC
NFBDT-Me,O=C1C2=C(/C(C1=CC3=CC4=C(S3)C(C5C(C6=CC=C(C=C6)CCCCCC)4C7=CC=C(C=C7)CCCCCC)SC(C=C8C9%10)=C5C=C8SC9C(SC(/C=C(C(C%11=C%12C=C(C)C=C%11)=O)/C%12=C(C#N)\C#N)=C%13)=C%13C%10(C%14=CC=C(C=C%14)CCCCCC)C%15=CC=C(C=C%15)CCCCCC)=C(C#N)/C#N)C=C(C)C=C2
NTIC-Me,O=C1C2=C(/C(C1=CC3=CC4=C(S3)C(C5=CC=C(C(C6=CC=C(C=C6)CCCCCC)(C7=C8SC(/C=C(C(C9=C%10C=C(C)C=C9)=O)/C%10=C(C#N)\C#N)=C7)C%11=CC=C(C=C%11)CCCCCC)C8=C5C=C%12)=C%12C4(C%13=CC=C(C=C%13)CCCCCC)C%14=CC=C(C=C%14)CCCCCC)=C(C#N)/C#N)C=C(C)C=C2
ITIC-2I,CCCCCCC1=CC=C(C=C1)C(C2=C3C=C(C(C4C5SC6=C4SC(/C=C(/C7=C(C#N)\C#N)C(C8=C7C=C(I)C=C8)=O)=C6)(C9=CC=C(CCCCCC)C=C9)C%10=CC=C(CCCCCC)C=C%10)C5=C2)(C%11C3SC%12=C%11SC(/C=C(/C%13=C(C#N)\C#N)C(C%14=C%13C=C(I)C=C%14)=O)=C%12)C%15=CC=C(CCCCCC)C=C%15
IT-DM,CCCCCCC1=CC=C(C=C1)C(C2=C3C=C(C(C4C5SC6=C4SC(/C=C(/C7=C(C#N)\C#N)C(C8=C7C=C(C)C(C)=C8)=O)=C6)(C9=CC=C(CCCCCC)C=C9)C%10=CC=C(CCCCCC)C=C%10)C5=C2)(C%11C3SC%12=C%11SC(/C=C(/C%13=C(C#N)\C#N)C(C%14=C%13C=C(C)C(C)=C%14)=O)=C%12)C%15=CC=C(CCCCCC)C=C%15
IT-O1,CCCCCCC1=CC=C(C=C1)C(C2=C3C=C(C(C4C5SC6=C4SC(/C=C(/C7=C(C#N)\C#N)C(C8=C7C=C(OC)C=C8)=O)=C6)(C9=CC=C(CCCCCC)C=C9)C%10=CC=C(CCCCCC)C=C%10)C5=C2)(C%11C3SC%12=C%11SC(/C=C(/C%13=C(C#N)\C#N)C(C%14=C%13C=C(OC)C=C%14)=O)=C%12)C%15=CC=C(CCCCCC)C=C%15
MPU1,O=C1N(C(C2=CC=C(/C=C(C3=O)/SC(N3CC)=S)S2)=C4C(N(C(C5=CC=C(/C=C(C6=O)\SC(N6CC)=S)S5)=C41)CC(CC)CCCC)=O)CC(CC)CCCC
FBR,CCCCCCCCC1(C2=C(C3=CC=C(C4=CC=C(/C=C(C5=O)/SC(N5CC)=S)C6=NSN=C46)C=C31)C=CC(C7=CC=C(/C=C(C8=O)/SC(N8CC)=S)C9=NSN=C97)=C2)CCCCCCCC
FRd2,CCN1C(S/C(C1=O)=C/C2=CC=C(C3=CC=C(C(C=C45)=CC=C4C(C=CC(C6=CC=C(C7=CC=C(/C=C(C8=O)/SC(N8CC)=S)O7)C9=NSN=C96)=C%10)=C%10C5(CC(CC)CCCC)CC(CCCC)CC)C%11=NSN=C3%11)O2)=S
IDT-2BR,CCN1C(S/C(C1=O)=C/C2=CC=C(C3=CC(C4S3)C(C5=CC=C(C=C5)CCCCCC)(C6=CC=C(C=C6)CCCCCC)C(C4=C7)=CC8=C7C(C9C8SC(C%10=CC=C(/C=C(C%11=O)/SC(N%11CC)=S)C%12=NSN=C%12%10)=C9)(C%13=CC=C(C=C%13)CCCCCC)C%14=CC=C(C=C%14)CCCCCC)C%15=NSN=C2%15)=S
EH-IDTBR,CCN1C(S/C(C1=O)=C/C2=CC=C(C3=CC(C4S3)C(CC(CC)CCCCCC)(CC(CC)CCCCCC)C(C4=C5)=CC6=C5C(C7C6SC(C8=CC=C(/C=C(C9=O)/SC(N9CC)=S)C%10=NSN=C%108)=C7)(CC(CC)CCCCCC)CC(CCCCCC)CC)C%11=NSN=C2%11)=S
O-IDTBR,CCN1C(S/C(C1=O)=C/C2=CC=C(C3=CC(C4S3)C(CCCCCCCC)(CCCCCCCC)C(C4=C5)=CC6=C5C(C7C6SC(C8=CC=C(/C=C(C9=O)/SC(N9CC)=S)C%10=NSN=C%108)=C7)(CCCCCCCC)CCCCCCCC)C%11=NSN=C2%11)=S
BTA1,CCN1C(S/C(C1=O)=C/C2=C(CCCCCCCC)C(CCCCCCCC)=C(C3=CC(C4S3)C(C5=CC=C(C=C5)CCCCCC)(C6=CC=C(C=C6)CCCCCC)C(C4=C7)=CC8=C7C(C9C8SC(C%10=C(CCCCCCCC)C(CCCCCCCC)=C(/C=C(C%11=O)/SC(N%11CC)=S)C%12=NSN=C%12%10)=C9)(C%13=CC=C(C=C%13)CCCCCC)C%14=CC=C(C=C%14)CCCCCC)C%15=NSN=C2%15)=S
Qx1,CCN1C(S/C(C1=O)=C/C2=C(N=C(C(C3=CC=CC=C3)=N4)C5=CC=CC=C5)C4=C(C6=CC(C7S6)C(C8=CC=C(C=C8)CCCCCC)(C9=CC=C(C=C9)CCCCCC)C(C7=C%10)=CC%11=C%10C(C%12C%11SC(C%13=C%14C(N=C(C(C%15=CC=CC=C%15)=N%14)C%16=CC=CC=C%16)=C(/C=C(C%17=O)/SC(N%17CC)=S)C=C%13)=C%12)(C%18=CC=C(C=C%18)CCCCCC)C%19=CC=C(C=C%19)CCCCCC)C=C2)=S
Qx1b,CCN1C(S/C(C1=O)=C/C2=C(N=C(C(C3=CC=CC=C3)=N4)C5=CC=CC=C5)C4=C(C6=CC(C7S6)C(CCCCCCCC)(CCCCCCCC)C(C7=C8)=CC9=C8C(C%10C9SC(C%11=C%12C(N=C(C(C%13=CC=CC=C%13)=N%12)C%14=CC=CC=C%14)=C(/C=C(C%15=O)/SC(N%15CC)=S)C=C%11)=C%10)(CCCCCCCC)CCCCCCCC)C=C2)=S
DTNR,CCN1C(S/C(C1=O)=C/C2=CC=C(C3=CC4=C(S3)C(C5=CC=C(C(CC(CCCCCC)CC)(C6=C7SC(C8=CC=C(/C=C(C9=O)/SC(N9CC)=S)C%10=NSN=C8%10)=C6)CC(CC)CCCCCC)C7=C5C=C%11)=C%11C4(CC(CCCCCC)CC)CC(CCCCCC)CC)C%12=NSN=C%122)=S
F8-DPPTCN,CCCCCCCCC1(C2=C(C3=CC=C(C4=CC=C(C5=CC=C(S5)C(N(C6=O)CC(CC)CCCC)=C7C6=C(N(C7=O)CC(CC)CCCC)C8=CC=C(C9=CC=C(CC#N)S9)S8)S4)C=C31)C=CC(C%10=CC=C(C%11=CC=C(S%11)C(N(C%12=O)CC(CC)CCCC)=C%13C%12=C(N(C%13=O)CC(CC)CCCC)C%14=CC=C(C%15=CC=C(CC#N)S%15)S%14)S%10)=C2)CCCCCCCC
NTIC-OMe,O=C1C2=C(/C(C1=CC3=CC4=C(S3)C(C5=CC=C(C(C6=CC=C(C=C6)CCCCCC)(C7=C8SC(/C=C(C(C9=C%10C=C(OC)C=C9)=O)/C%10=C(C#N)\C#N)=C7)C%11=CC=C(C=C%11)CCCCCC)C8=C5C=C%12)=C%12C4(C%13=CC=C(C=C%13)CCCCCC)C%14=CC=C(C=C%14)CCCCCC)=C(C#N)/C#N)C=C(OC)C=C2
DTSi(THDCV)2,CCC(C[Si](CC(CC)CCCC)(C1=C2SC(C3=C(C=C(C=C(C#N)C#N)S3)CCCCCC)=C1)C4=C2SC(C5=C(C=C(C=C(C#N)C#N)S5)CCCCCC)=C4)CCCC
IT-O2,CCCCCCC1=CC=C(C=C1)C(C2=C3C=C(C(C4C5SC6=C4SC(/C=C(/C7=C(C#N)\C#N)C(C8=C7C=C(OCC)C=C8)=O)=C6)(C9=CC=C(CCCCCC)C=C9)C%10=CC=C(CCCCCC)C=C%10)C5=C2)(C%11C3SC%12=C%11SC(/C=C(/C%13=C(C#N)\C#N)C(C%14=C%13C=C(OCC)C=C%14)=O)=C%12)C%15=CC=C(CCCCCC)C=C%15
IT-O3,CCCCCCC1=CC=C(C=C1)C(C2=C3C=C(C(C4C5SC6=C4SC(/C=C(/C7=C(C#N)\C#N)C(C8=C7C=C(OCCC)C=C8)=O)=C6)(C9=CC=C(CCCCCC)C=C9)C%10=CC=C(CCCCCC)C=C%10)C5=C2)(C%11C3SC%12=C%11SC(/C=C(/C%13=C(C#N)\C#N)C(C%14=C%13C=C(OCCC)C=C%14)=O)=C%12)C%15=CC=C(CCCCCC)C=C%15
IT-O4,CCCCCCC1=CC=C(C=C1)C(C2=C3C=C(C(C4C5SC6=C4SC(/C=C(/C7=C(C#N)\C#N)C(C8=C7C=C(OCCCC)C=C8)=O)=C6)(C9=CC=C(CCCCCC)C=C9)C%10=CC=C(CCCCCC)C=C%10)C5=C2)(C%11C3SC%12=C%11SC(/C=C(/C%13=C(C#N)\C#N)C(C%14=C%13C=C(OCCCC)C=C%14)=O)=C%12)C%15=CC=C(CCCCCC)C=C%15
IT-OM-1,CCCCCCC1=CC=C(C=C1)C(C2=C3C=C(C(C4C5SC6=C4SC(/C=C(C(C7=C8C(OC)=CC=C7)=O)/C8=C(C#N)\C#N)=C6)(C9=CC=C(C=C9)CCCCCC)C%10=CC=C(C=C%10)CCCCCC)C5=C2)(C%11C3SC%12=C%11SC(/C=C(C(C%13=C%14C(OC)=CC=C%13)=O)/C%14=C(C#N)\C#N)=C%12)C%15=CC=C(C=C%15)CCCCCC
BAF-4CN,CCCCCCCCCCC1(C2=C(C3=CC=C(C4=CC=C(/C=C(C5=O)/SC(N5CCCCCC)=O)C6=NSN=C46)C=C31)C=CC(C7=CC=C(/C=C(C8=O)/SC(N8CCCCCC)=O)C9=NSN=C79)=C2)CCCCCCCCCC
DTPy(THDCV)2,CCCCCCCCCN(C1=C2SC(C3=C(C=C(C=C(C#N)C#N)S3)CCCCCC)=C1)C4=C2SC(C5=C(C=C(C=C(C#N)C#N)S5)CCCCCC)=C4
DTCP(THDCV)2,CCCCCCC1=C(C2=CC3=C(S2)C(SC(C4=C(C=C(C=C(C#N)C#N)S4)CCCCCC)=C5)=C5C(CC(CC)CCCC)3CC(CCCC)CC)SC(C=C(C#N)C#N)=C1
IT-OM-3,CCCCCCC1=CC=C(C(C2C3SC4=C2SC(/C=C(/C5=C(C#N)\C#N)C(C6=C5C=CC(OC)=C6)=O)=C4)(C7=CC=C(CCCCCC)C=C7)C8=C3C=C(C9=C8)C(C%10=CC=C(CCCCCC)C=C%10)(C%11=CC=C(CCCCCC)C=C%11)C%12C9SC%13=C%12SC(/C=C(/C%14=C(C#N)\C#N)C(C%15=C%14C=CC(OC)=C%15)=O)=C%13)C=C1
IT-OM-4,CCCCCCC1=CC=C(C(C2C3SC4=C2SC(/C=C(/C5=C(C#N)\C#N)C(C6=C5C=CC=C6OC)=O)=C4)(C7=CC=C(CCCCCC)C=C7)C8=C3C=C(C9=C8)C(C%10=CC=C(CCCCCC)C=C%10)(C%11=CC=C(CCCCCC)C=C%11)C%12C9SC%13=C%12SC(/C=C(/C%14=C(C#N)\C#N)C(C%15=C%14C=CC=C%15OC)=O)=C%13)C=C1
a-IT,CCCCCCC1=CC=C(C(C2=C3SC4=C2SC5=C4SC(/C=C(C(C6=C7C=C(Cl)C=C6)=O)/C7=C(C#N)\C#N)=C5)(C8=CC=C(C=C8)CCCCCC)C9=C3C=C(C%10=C9)C(C%11=CC=C(C=C%11)CCCCCC)(C%12=CC=C(C=C%12)CCCCCC)C%13=C%10SC(/C=C(C(C%14=C%15C=C(Cl)C=C%14)=O)/C%15=C(C#N)\C#N)=C%13)C=C1
N7IT,O=C1C2=C(C(/C1=C/C3=CC4=C(S3)C5=C(N4CCCCCCCC)C6=C(S5)C(C=C(C7=C8)C(C9=CC=C(C=C9)CCCCCC)(C%10=CC=C(C=C%10)CCCCCC)C%11=C7SC(/C=C(C(C%12=C%13C=C(Cl)C=C%12)=O)/C%13=C(C#N)\C#N)=C%11)=C8C6(C%14=CC=C(C=C%14)CCCCCC)C(C=C%15)=CC=C%15CCCCCC)=C(C#N)/C#N)C=C(Cl)C=C2
N8IT,O=C1C2=C(C(/C1=C/C3=CC4=C(S3)C5=C(N4CCCCCCCC)C(C(C6=CC=C(CCCCCC)C=C6)(C7=C8C=C(C(C9=CC=C(CCCCCC)C=C9)(C%10=C%11SC%12=C%10SC(/C=C(C(C%13=C%14C=C(Cl)C=C%13)=O)/C%14=C(C#N)\C#N)=C%12)C%15=CC=C(CCCCCC)C=C%15)C%11=C7)C(C=C%16)=CC=C%16CCCCCC)=C8S5)=C(C#N)/C#N)C=C(Cl)C=C2
IT-OH,CCCCCCC1=CC=C(C=C1)C(C2=CC=C(C=C2)CCCCCC)(C3=C4C=C(C(C5=CC=C(C=C5)CCCCCC)(C6C7SC8=C6SC(/C=C(C(C9=C%10C=CC=C9)=O)/C%10=C(C#N)\C#N)=C8)C%11=CC=C(C=C%11)CCCCCC)C7=C3)C%12C4SC%13=C%12SC(/C=C(C(C%14=C%15C(O)=CC=C%14)=O)/C%15=C(C#N)\C#N)=C%13
IT-DOH,CCCCCCC1=CC=C(C=C1)C(C2=CC=C(C=C2)CCCCCC)(C3=C4C=C(C(C5=CC=C(C=C5)CCCCCC)(C6C7SC8=C6SC(/C=C(C(C9=C%10C(O)=CC=C9)=O)/C%10=C(C#N)\C#N)=C8)C%11=CC=C(C=C%11)CCCCCC)C7=C3)C%12C4SC%13=C%12SC(/C=C(C(C%14=C%15C(O)=CC=C%14)=O)/C%15=C(C#N)\C#N)=C%13
PTTtID-Cl,CCCCCCCCC(CCCCCCCC)N(C1=C2SC3=C1SC4=C3N(C(CCCCCCCC)CCCCCCCC)C5=C4SC(/C=C(C(C6=C7C=C(Cl)C(Cl)=C6)=O)\C7=C(C#N)/C#N)=C5)C8=C2SC(/C=C(C(C9=C%10C=C(Cl)C(Cl)=C9)=O)/C%10=C(C#N)\C#N)=C8
MPU4,O=C1N(CC(CCCC)CC)C(C2=CC=C([Se]2)/C=C(SC(N3CC)=S)\C3=O)=C4C(N(CC(CCCC)CC)C(C5=CC=C([Se]5)/C=C(SC(N6CC)=S)/C6=O)=C41)=O
